,X,ID,Gender,Certificate,Q01,Q02,Q03,Q04,Q05,Q06,Q07,Q08,Q09,Q10,Q11,Q12,Q13,Q14,Q15,Q16,Q17,Q18,Q19
1,1,4217,Male,IB,3,2,3,4,3,4,5,1,3,4,1,5,2,1,1,1,2,3,5
2,2,4216,Male,IB,1,2,3,2,3,2,3,2,3,2,4,2,3,1,1,1,1,1,1
3,3,4232,Male,IB,4,5,4,4,5,4,3,3,3,3,3,3,3,3,4,4,4,4,4
4,4,4233,Male,IB,5,5,5,5,5,5,5,5,4,5,4,5,4,4,3,3,3,4,4
5,5,4235,Male,IB,5,5,5,5,3,3,2,4,4,5,4,5,4,4,5,5,5,4,4
6,6,4230,Female,IB,1,1,1,1,1,1,1,5,5,5,5,5,5,5,5,5,5,5,5
7,7,4420,Male,IB,4,5,4,5,4,3,3,3,3,3,4,3,4,4,5,4,5,5,5
8,8,4421,Male,IB,5,5,4,5,5,2,1,3,1,1,3,1,1,1,5,3,4,5,2
9,9,4234,Female,IB,5,3,1,4,2,5,3,1,4,2,5,3,5,3,1,3,2,5,3
10,10,4219,Male,IB,5,5,5,5,5,5,5,5,5,5,5,5,5,5,5,5,5,5,5
11,11,4229,Female,IB,5,5,5,5,5,5,5,5,5,5,5,5,5,5,5,5,5,5,5
12,12,4236,Male,IB,5,4,5,5,4,5,5,5,5,4,5,1,5,1,5,3,5,5,5
13,13,4227,Female,IB,,,,,,,,,,,,,,,,,,,
14,14,4228,Female,IB,5,5,5,5,5,1,1,1,1,1,3,1,5,1,3,4,5,5,5
15,15,4224,Female,IB,5,5,3,5,5,4,4,3,3,3,5,1,4,1,4,5,5,5,5
16,16,4226,Female,IB,5,5,5,5,,1,1,5,1,1,1,1,1,1,5,4,5,5,5
17,17,4225,Female,IB,5,2,5,5,,5,5,1,1,1,4,1,5,2,5,4,5,5,5
18,18,4254,Female,IGCSE (British),4,5,3,5,4,3,3,1,2,1,4,3,3,4,3,4,5,5,4
19,19,4267,Female,IGCSE (British),3,5,2,4,5,5,5,1,5,5,3,5,5,1,5,3,5,5,5
20,20,4255,Female,IGCSE (British),5,5,5,5,3,1,1,1,1,1,3,1,3,1,3,5,5,5,5
21,21,4261,Female,IGCSE (British),5,4,5,5,4,3,3,3,3,3,4,2,1,3,5,4,5,4,4
22,22,4246,Male,IGCSE (British),3,3,5,4,4,1,1,1,1,1,3,3,3,3,3,3,5,4,5
23,23,4251,Female,IGCSE (British),3,4,5,4,5,1,4,2,3,4,3,3,5,4,4,2,3,4,4
24,24,4241,Male,IGCSE (British),5,5,5,5,5,1,1,1,1,1,3,1,3,3,4,4,5,5,5
25,25,4247,Male,IGCSE (British),4,5,4,4,5,1,1,1,1,1,3,3,1,1,5,4,5,5,5
26,26,4256,Female,IGCSE (British),5,5,5,5,5,3,5,3,5,5,5,5,5,5,3,5,5,5,5
27,27,4253,Female,IGCSE (British),5,4,4,5,5,2,2,3,3,3,5,5,4,4,4,2,5,5,4
28,28,4263,Female,IGCSE (British),4,4,4,5,4,5,5,4,3,1,5,3,5,2,5,3,5,5,5
29,29,4244,Male,IGCSE (British),3,4,3,5,4,1,1,4,3,2,5,5,5,4,3,3,5,4,4
30,30,4252,Female,IGCSE (British),5,4,3,5,5,2,5,3,3,3,3,3,3,3,4,4,4,4,4
31,31,4257,Female,IGCSE (British),5,4,5,5,4,5,5,5,3,3,5,3,3,2,4,4,5,5,5
32,32,4264F,Female,IGCSE (British),3,3,3,5,2,1,1,1,1,1,3,1,3,1,5,4,5,5,5
33,33,4259,Female,IGCSE (British),5,5,5,5,5,4,4,3,3,4,4,4,5,2,5,4,5,5,5
34,34,4242,Male,IGCSE (British),2,2,5,5,4,3,1,1,3,3,5,4,5,5,3,3,4,3,4
35,35,4265,Female,IGCSE (British),3,2,3,2,3,3,4,5,3,3,3,4,2,4,3,2,4,3,4
36,36,4282A,Male,IGCSE (British),2,5,5,5,5,4,5,5,5,5,5,5,1,5,5,5,5,5,5
37,37,4276,Male,IGCSE (British),5,5,5,5,4,2,1,1,1,1,2,1,1,1,5,4,5,4,5
38,38,4272,Female,IGCSE (British),5,5,3,5,5,1,1,1,1,1,3,1,3,1,3,1,5,5,3
39,39,4284,Female,IGCSE (British),3,4,2,3,4,2,1,3,2,2,4,2,2,2,3,4,4,2,2
40,40,4292F,Female,IGCSE (British),3,5,5,5,5,3,3,2,1,1,4,1,5,5,5,4,5,4,4
41,41,4280,Male,IGCSE (British),4,5,5,5,5,4,4,5,5,5,5,5,5,5,3,5,5,5,5
42,42,4294F,Female,IGCSE (British),5,4,5,5,5,2,2,2,1,1,2,1,3,1,5,4,5,4,5
43,43,4287,Female,IGCSE (British),5,5,5,5,5,3,3,2,1,1,2,2,2,1,2,2,5,5,5
44,44,4275,Male,IGCSE (British),4,5,5,5,4,2,1,1,3,3,5,2,5,4,5,5,5,5,4
45,45,4273,Male,IGCSE (British),4,5,5,4,5,4,3,4,1,1,3,1,4,4,5,5,5,5,5
46,46,4289,Female,IGCSE (British),4,5,4,3,5,5,5,3,5,3,4,5,4,4,3,3,4,3,4
47,47,4291F,Female,IGCSE (British),4,5,5,5,5,5,4,2,2,2,5,1,5,4,4,3,5,5,4
48,48,4277,Male,IGCSE (British),3,,3,5,5,2,2,1,1,2,3,3,1,1,4,4,4,4,4
49,49,4286,Female,IGCSE (British),3,3,3,5,5,1,1,1,1,1,1,1,1,1,3,3,3,3,3
50,50,4285,Female,IGCSE (British),5,5,5,5,5,3,3,3,3,3,3,3,3,3,4,4,5,4,5
51,51,4270,Male,IGCSE (British),5,5,3,5,4,5,4,3,5,5,5,5,5,3,4,3,5,4,5
52,52,4293F,Female,IGCSE (British),3,5,5,5,5,5,3,1,1,2,3,3,5,5,5,3,3,5,5
53,53,4243,Female,IGCSE (British),3,5,3,5,5,3,1,1,3,1,5,1,5,3,3,3,3,5,5
54,54,4271,Male,IGCSE (British),5,5,5,5,3,2,2,5,1,1,4,1,3,4,4,4,5,5,5
55,55,4264,Male,IGCSE (British),4,5,5,5,5,2,2,2,2,2,3,1,4,4,3,2,4,4,5
56,56,4268,Female,IGCSE (British),3,3,5,3,3,1,5,1,1,1,5,3,3,5,3,1,3,5,5
57,57,4258,Male,IGCSE (British),5,3,5,5,5,5,5,5,5,5,5,5,5,5,5,3,3,4,5
58,58,4249,Female,IGCSE (British),5,5,4,5,5,3,3,4,3,3,5,1,3,3,5,4,4,5,5
59,59,4240,Male,IGCSE (British),3,1,1,3,1,5,3,3,3,3,5,1,5,5,3,3,3,1,3
60,60,4260,Male,IGCSE (British),5,5,4,4,4,2,2,2,1,1,3,1,4,3,4,3,5,5,5
61,61,4269,Female,IGCSE (British),4,4,3,5,4,4,4,3,3,3,5,5,5,5,4,3,4,4,5
62,62,4248,Female,IGCSE (British),5,5,4,5,5,4,2,3,1,1,3,2,3,2,5,4,5,5,4
63,63,4290,Male,American Diploma,3,4,4,5,4,2,1,1,2,2,3,3,3,3,4,5,5,5,5
64,64,4283,Male,American Diploma,3,2,2,5,3,2,3,1,1,2,3,4,1,1,2,3,4,5,4
65,65,4288,Male,American Diploma,4,4,5,5,4,2,1,1,2,1,5,3,3,2,4,5,4,5,5
66,66,4321,Female,IGCSE (British),3,3,5,5,3,1,1,1,1,1,3,1,3,1,3,3,5,5,3
67,67,4300,Female,IGCSE (British),3,5,5,5,4,1,1,3,3,2,1,1,2,2,4,3,5,5,5
68,68,4304,Male,IGCSE (British),5,5,4,4,5,4,2,4,3,4,5,5,4,3,5,3,4,3,3
69,69,4303,Female,IGCSE (British),5,3,5,3,3,3,2,2,3,3,5,4,5,5,3,3,5,4,5
70,70,4312,Male,National,3,3,3,4,4,4,4,2,5,3,2,3,3,2,2,1,4,3,3
71,71,4322,Female,IGCSE (British),4,3,5,4,5,4,2,1,1,2,5,4,4,3,3,4,3,4,3
72,72,4313,Female,IGCSE (British),3,2,4,5,2,1,2,2,2,2,3,1,2,3,4,3,3,4,2
73,73,4315,Male,IGCSE (British),5,5,5,5,5,3,5,1,1,1,5,1,2,3,5,5,5,5,5
74,74,4319,Female,IGCSE (British),4,5,5,4,5,5,3,4,5,4,5,2,5,5,4,3,4,4,4
75,75,4318,Female,IGCSE (British),3,,,,,,,,,,,,,,,,,,
76,76,4296,Female,IGCSE (British),3,3,1,5,3,3,5,3,5,3,5,1,5,1,3,3,3,5,3
77,77,4308,Female,IGCSE (British),5,5,4,5,5,3,3,2,3,5,5,5,5,3,3,3,3,4,3
78,78,4036,Male,IGCSE (British),3,3,3,4,2,1,3,2,3,3,2,2,3,2,3,4,2,4,3
79,79,4307,Female,IGCSE (British),5,5,4,4,5,3,3,3,3,3,3,1,3,2,4,4,5,5,5
80,80,4301,Female,IGCSE (British),5,5,3,5,5,5,4,3,2,2,5,1,5,5,5,5,5,5,5
81,81,4294,Male,IGCSE (British),3,5,2,4,3,5,5,1,5,5,5,5,5,5,3,2,3,3,5
82,82,4299,Male,IGCSE (British),4,3,4,5,4,5,5,3,5,4,5,4,4,4,4,4,5,5,5
83,83,4309,Male,IGCSE (British),5,5,5,5,5,1,3,5,1,1,5,1,1,4,5,5,5,5,5
84,84,4302,Female,IGCSE (British),4,5,4,5,4,4,4,5,2,2,3,3,5,4,5,4,5,2,2
85,85,4278,Male,American Diploma,3,3,2,4,2,1,1,2,1,1,2,1,3,1,4,2,4,4,3
86,86,4291,Male,American Diploma,3,4,4,3,3,4,2,1,1,3,5,1,1,3,4,2,5,5,5
87,87,4282K,Male,American Diploma,4,5,3,3,4,5,3,4,3,5,5,5,5,3,3,2,3,4,5
88,88,4293,Male,American Diploma,4,4,5,5,4,5,5,4,3,5,4,5,4,3,4,4,4,4,5
89,89,4443,Male,IGCSE (British),3,3,3,5,5,4,4,3,3,3,5,2,5,5,3,3,5,5,5
90,90,4327,Male,IGCSE (British),3,5,5,5,5,3,2,3,4,4,5,3,4,3,4,4,5,5,5
91,91,4330,Male,IGCSE (British),3,3,5,5,5,1,3,3,5,1,3,2,4,5,3,4,5,4,5
92,92,4337,Male,IGCSE (British),5,5,5,5,5,1,2,3,4,4,5,1,3,4,5,5,5,5,5
93,93,4343,Female,IGCSE (British),4,5,4,5,5,1,1,1,1,1,3,2,4,2,5,5,5,5,5
94,94,4328,Male,IGCSE (British),3,3,3,5,3,1,1,1,2,1,2,1,1,1,4,4,5,5,5
95,95,4324,Male,IGCSE (British),5,5,5,5,5,5,5,3,2,2,2,3,4,5,4,4,5,5,5
96,96,4348,Female,IGCSE (British),5,5,5,5,5,5,3,1,3,3,4,3,2,3,4,4,5,5,5
97,97,4338,Female,IGCSE (British),4,5,4,5,4,3,4,3,4,4,5,3,5,4,5,4,4,5,4
98,98,4332,Male,IGCSE (British),4,4,4,4,4,1,1,1,1,1,1,1,1,1,3,3,4,4,4
99,99,4346,Female,IGCSE (British),3,4,4,4,4,3,3,3,3,3,3,3,3,4,4,4,4,4,3
100,100,4347,Female,IGCSE (British),4,4,4,5,5,4,4,5,5,4,3,3,3,2,4,4,5,5,5
101,101,4339,Female,IGCSE (British),3,5,3,5,4,3,4,2,2,1,3,2,3,3,4,4,5,4,5
102,102,4353,Male,IGCSE (British),3,5,3,4,5,5,5,3,4,5,5,3,5,4,3,2,4,3,3
103,103,4367,Female,IGCSE (British),5,5,5,5,5,5,3,1,1,1,1,1,1,3,5,5,5,5,5
104,104,4365,Female,IGCSE (British),3,5,3,5,3,1,1,1,2,1,3,1,4,1,4,2,5,5,5
105,105,4357,Male,IGCSE (British),4,5,5,4,5,5,5,3,5,5,5,5,5,5,3,2,5,5,5
106,106,4373,Female,IGCSE (British),5,5,5,5,5,4,4,3,3,3,4,3,3,2,3,2,3,4,3
107,107,4359,Male,IGCSE (British),4,3,3,5,5,2,2,3,2,2,3,2,3,1,4,3,5,5,4
108,108,4352,Male,IGCSE (British),5,4,4,5,5,3,2,2,3,1,5,5,4,4,3,3,5,4,4
109,109,4362,Male,IGCSE (British),3,4,4,5,4,2,2,2,1,1,3,2,4,4,4,4,3,3,3
110,110,4363,Female,IGCSE (British),5,5,5,5,5,5,5,5,5,5,5,5,5,5,4,4,5,5,5
111,111,4366,Female,IGCSE (British),5,5,5,3,5,1,3,1,1,3,3,1,3,1,3,3,5,5,5
112,112,4356,Male,IGCSE (British),5,4,5,5,5,3,3,3,4,4,5,3,5,5,4,3,4,3,4
113,113,4364,Female,IGCSE (British),3,4,3,5,4,2,1,1,1,2,3,2,4,3,5,4,4,4,4
114,114,4355,Male,IGCSE (British),4,3,4,5,4,2,2,2,2,2,5,1,4,4,3,3,3,3,2
115,115,4325,Male,IGCSE (British),4,4,3,3,5,1,1,1,1,2,4,3,2,3,5,5,5,5,5
116,116,4342,Female,IGCSE (British),5,5,3,5,5,1,1,1,1,1,4,3,2,2,3,4,3,5,4
117,117,4391,Male,IGCSE (British),4,4,3,3,3,1,1,2,2,2,5,3,4,5,4,3,3,3,3
118,118,4393,Female,IGCSE (British),4,4,4,5,5,3,3,2,1,4,4,3,5,4,3,3,3,4,4
119,119,4390,Male,IGCSE (British),4,5,5,3,5,2,2,1,1,1,5,3,1,3,4,5,5,4,5
120,120,4385,Male,IGCSE (British),4,3,4,5,5,5,5,5,5,5,5,5,5,5,4,3,3,3,3
121,121,4384,Female,IGCSE (British),5,5,5,5,5,3,2,2,1,1,3,2,3,1,5,5,5,5,5
122,122,4392,Female,IGCSE (British),4,5,5,5,5,5,4,4,3,3,4,1,5,4,4,4,5,5,4
123,123,4380,Female,IGCSE (British),4,5,4,5,5,4,4,3,3,3,4,1,5,5,5,5,5,5,5
124,124,4386,Male,IGCSE (British),5,5,5,5,5,3,2,1,1,1,2,2,1,1,4,3,5,5,5
125,125,4394,Female,IGCSE (British),5,5,5,5,5,3,4,3,2,2,4,3,5,3,5,5,5,5,5
126,126,4383,Male,IGCSE (British),5,5,5,5,5,1,5,1,3,3,1,1,1,3,3,2,5,5,5
127,127,4382,Female,IGCSE (British),5,4,3,5,4,5,5,4,2,4,4,5,2,5,2,3,5,5,3
128,128,4379,Female,IGCSE (British),4,3,4,5,4,2,2,3,3,3,3,3,3,4,4,5,5,5,5
129,129,4376,Male,IGCSE (British),5,5,5,5,5,3,3,3,3,3,5,3,5,5,5,5,5,5,5
130,130,4404,Female,IGCSE (British),4,3,2,5,5,4,2,2,2,4,5,3,5,2,3,4,5,5,5
131,131,4410,Female,IGCSE (British),4,3,4,5,5,2,2,2,2,3,3,2,4,2,4,4,3,4,4
132,132,4411,Female,IGCSE (British),3,3,3,5,4,1,1,1,1,1,1,1,3,1,3,1,3,3,3
133,133,4406,Male,IGCSE (British),4,5,5,4,5,4,5,4,4,3,4,2,,4,4,4,3,5,5
134,134,4400,Female,IGCSE (British),4,4,4,5,3,3,1,1,1,1,2,5,4,4,3,3,4,4,5
135,135,4396,Female,IGCSE (British),4,5,5,5,5,2,2,1,1,1,2,3,3,2,4,4,5,4,5
136,136,4407,Male,IGCSE (British),5,5,4,5,5,2,2,1,2,1,3,3,5,5,5,4,4,5,5
137,137,4399,Male,IGCSE (British),3,4,4,5,5,4,4,2,2,3,2,2,4,4,4,3,5,5,4
138,138,4413,Female,IGCSE (British),2,3,4,4,5,1,1,1,1,2,3,1,5,2,4,4,5,4,4
139,139,4401,Male,IGCSE (British),4,5,4,5,5,2,3,2,1,4,5,4,5,1,4,4,5,5,5
140,140,4397,Female,IGCSE (British),5,5,5,5,4,2,1,1,1,1,2,2,5,2,4,3,5,5,4
141,141,4416,Female,IGCSE (British),5,5,5,5,5,2,1,1,1,1,2,1,3,2,4,4,5,4,4
142,142,4429,Female,IGCSE (British),4,5,4,5,5,3,3,2,1,2,3,2,1,1,4,4,5,4,4
143,143,4442,Female,IGCSE (British),5,5,5,5,5,3,3,3,1,1,5,1,5,1,5,3,5,5,5
144,144,4428,Male,IGCSE (British),3,4,4,5,4,4,4,4,4,4,5,4,5,4,4,3,3,3,3
145,145,4424,Male,IGCSE (British),5,4,5,5,5,3,4,3,2,3,4,1,3,2,3,5,5,5,5
146,146,4433,Male,IGCSE (British),5,5,5,5,5,1,1,1,1,1,5,3,4,1,4,5,5,4,5
147,147,4283F,Female,IGCSE (British),5,5,5,5,5,3,3,2,1,1,3,1,1,1,3,3,2,2,2
148,148,4423,Male,IGCSE (British),5,5,5,5,5,3,2,1,2,2,5,2,3,2,3,3,5,5,5
149,149,4436,Female,IGCSE (British),4,5,3,5,5,2,1,1,1,1,3,3,2,3,4,4,4,5,5
150,150,4430,Female,IGCSE (British),4,5,5,5,5,1,1,3,1,1,4,2,4,1,5,5,5,5,5
151,151,4431,Female,IGCSE (British),4,3,3,2,4,1,1,1,1,1,1,1,1,1,2,1,4,5,3
152,152,4441,Female,IGCSE (British),3,4,4,3,4,1,3,3,3,3,4,3,3,3,3,2,3,4,3
153,153,4437,Female,IGCSE (British),5,3,3,5,5,2,2,1,2,2,3,3,2,1,3,3,3,5,5
154,154,4434,Female,IGCSE (British),5,3,3,4,5,2,2,2,1,1,3,1,3,2,2,2,3,2,3
155,155,4427,Female,IGCSE (British),5,5,3,5,5,3,3,3,3,1,5,5,5,5,5,5,3,5,5
156,156,4426,Female,IGCSE (British),5,5,4,5,5,2,1,1,1,1,2,1,2,1,4,4,4,5,4
157,157,4440,Male,IGCSE (British),2,3,4,2,5,1,1,1,1,1,3,2,4,1,5,2,5,3,3
158,158,4446,Male,IGCSE (British),5,4,5,5,5,3,3,4,3,4,5,1,3,4,1,3,3,5,3
159,159,4432,Female,IGCSE (British),4,5,3,4,3,2,1,3,1,2,3,2,3,3,3,2,4,3,2
160,160,4438,Female,IGCSE (British),4,4,4,5,5,1,1,1,1,1,1,1,1,1,2,1,4,3,4
161,161,4449,Female,American Diploma,5,3,5,5,5,2,2,2,4,4,2,2,4,5,5,5,5,5,5
162,162,4435,Female,IB,3,2,5,4,3,2,1,3,2,1,3,2,3,1,4,3,2,3,3
163,163,4448,Female,IB,4,5,5,5,3,2,1,2,3,3,3,1,3,1,4,3,5,5,5
164,164,4455,Female,American Diploma,2,2,3,4,5,1,1,1,1,1,1,1,1,4,4,2,4,5,4
165,165,4451,Female,American Diploma,5,5,5,5,5,2,1,3,1,1,3,2,3,5,5,5,5,5,5
166,166,4447,Female,American Diploma,5,5,5,5,5,3,2,2,2,2,5,3,5,5,3,3,5,5,5
167,167,4459,Female,American Diploma,4,4,3,5,5,1,1,1,1,1,2,4,3,3,5,5,5,5,5
168,168,4457,Female,American Diploma,3,4,5,4,5,4,4,3,2,2,4,4,3,4,4,3,5,4,4
169,169,4456,Female,American Diploma,4,4,4,5,4,2,3,2,2,2,3,2,3,3,4,4,4,5,3
170,170,4454,Female,IB,5,1,3,3,3,1,3,3,1,1,4,1,1,3,3,5,3,5,3
171,171,4458,Female,IB,4,5,3,5,3,4,3,2,2,2,5,1,5,4,5,4,5,5,5
172,172,4460,Female,American Diploma,5,4,5,5,5,2,2,1,2,1,3,2,2,2,3,3,4,5,4
173,173,4450,Female,American Diploma,3,4,3,5,5,3,3,3,2,2,3,4,4,4,4,4,4,4,4
174,174,4453,Female,American Diploma,2,3,4,4,2,1,1,1,3,3,1,1,1,1,3,4,4,4,4
175,175,4452,Female,IB,5,5,5,4,5,1,5,1,1,1,1,1,3,1,5,5,5,5,5
176,176,4239,Male,American Diploma,3,3,5,5,5,3,1,1,1,2,4,2,5,3,5,5,4,4,4
177,177,4408,Female,IGCSE (British),3,4,3,5,3,2,2,1,1,1,1,1,2,2,3,4,5,4,4
178,178,4490,Male,IGCSE (British),4,3,5,4,3,4,1,3,1,1,5,2,4,5,5,5,5,5,5
179,179,4465,Male,IGCSE (British),4,5,3,5,4,3,3,2,1,3,5,4,5,5,4,3,5,5,4
180,180,4467,Male,IGCSE (British),5,5,5,5,5,5,5,5,5,5,5,5,5,5,5,5,5,5,5
181,181,4472,Female,IGCSE (British),1,1,1,5,3,3,1,1,1,1,3,1,5,1,3,5,4,3,1
182,182,4507,Male,IGCSE (British),5,5,5,5,5,2,2,2,2,3,4,3,5,3,5,5,5,5,5
183,183,4518,Female,IGCSE (British),2,2,2,4,3,1,1,1,1,1,2,2,1,2,4,3,5,4,4
184,184,4503,Female,IGCSE (British),5,3,5,3,5,3,1,3,3,1,3,1,3,5,5,5,5,3,3
185,185,4479,Female,IGCSE (British),5,5,5,5,5,5,5,3,5,5,5,3,5,5,3,3,5,5,5
186,186,4524,Female,IGCSE (British),3,5,5,5,3,1,1,1,1,1,3,2,1,1,5,3,5,5,3
187,187,4485,Male,IGCSE (British),5,5,4,5,3,5,5,5,4,5,5,4,5,5,3,5,5,4,5
188,188,4476,Female,IGCSE (British),4,5,5,5,5,3,1,2,2,5,5,2,5,1,4,5,5,5,5
189,189,4483,Male,IGCSE (British),4,4,5,4,4,3,4,4,5,5,5,4,5,4,4,3,5,5,5
190,190,4510,Male,IGCSE (British),4,5,3,4,4,3,3,4,1,1,3,1,3,1,4,3,4,4,3
191,191,4482,Female,IGCSE (British),5,5,5,5,5,5,5,5,5,5,5,5,5,5,5,5,5,5,5
192,192,4520,Female,IGCSE (British),3,3,,,,,,,,,,,,,,,,,
193,193,4498,Female,IGCSE (British),5,4,4,5,5,2,2,2,2,1,5,5,3,3,4,5,5,5,5
194,194,4500,Female,IGCSE (British),3,4,4,5,5,2,3,2,2,2,5,1,5,1,4,3,2,4,4
195,195,4513,Female,IGCSE (British),5,5,5,5,5,1,1,2,2,2,3,2,3,3,4,4,4,5,4
196,196,4484,Male,IGCSE (British),3,3,4,4,5,1,2,1,2,4,5,1,5,5,4,3,3,4,4
197,197,4492,Female,IGCSE (British),5,5,5,5,5,3,1,3,2,1,5,1,5,5,5,5,5,5,5
198,198,4522,Female,IGCSE (British),5,5,3,3,5,3,3,5,3,5,3,1,5,3,5,5,5,5,3
199,199,4461,Male,IGCSE (British),5,1,1,3,5,5,5,4,4,4,4,4,4,4,5,5,5,5,5
200,200,4494,Female,IGCSE (British),5,4,5,4,5,5,5,5,5,4,5,3,5,2,4,5,5,5,5
201,201,4514,Female,IGCSE (British),5,5,5,5,5,5,5,5,4,5,5,5,5,4,4,5,5,4,5
202,202,4517,Female,IGCSE (British),4,4,3,5,3,3,3,2,3,3,5,4,5,4,3,3,4,4,4
203,203,4515,Female,IGCSE (British),5,5,5,5,5,1,1,1,1,1,4,3,4,2,3,4,4,4,4
204,204,4488,Male,IGCSE (British),5,5,3,5,5,5,3,3,5,5,5,3,5,5,5,5,5,5,5
205,205,4478,Female,IGCSE (British),5,5,4,5,5,1,1,1,5,4,5,3,5,5,5,4,5,5,5
206,206,4502,Female,IGCSE (British),3,4,3,5,5,3,3,3,3,1,5,3,5,4,3,3,3,5,3
207,207,4521,Male,IGCSE (British),5,4,4,5,5,5,4,4,2,2,5,3,5,3,4,4,5,4,5
208,208,4509,Male,IGCSE (British),5,5,4,5,5,1,1,3,1,1,1,3,2,5,4,4,5,4,5
209,209,4501,Female,IGCSE (British),3,4,4,5,5,2,2,1,1,1,3,3,4,1,2,2,4,3,3
210,210,4499,Female,IGCSE (British),5,5,4,5,4,3,2,2,2,2,3,3,3,2,3,3,4,5,4
211,211,4505,Male,IB,5,5,5,5,5,5,5,3,5,5,5,1,5,5,5,5,5,5,5
212,212,4495,Female,IGCSE (British),3,5,5,5,5,5,5,3,5,5,5,5,5,3,5,3,5,5,5
213,213,4344,Female,American Diploma,3,5,5,5,4,2,1,1,1,1,4,1,1,5,5,5,5,5,5
214,214,4292BM,Male,IGCSE (British),3,5,4,3,5,2,2,2,1,1,1,1,1,1,3,3,3,4,3
215,215,4279,Male,IGCSE (British),5,5,5,5,5,4,4,2,2,2,5,4,4,4,4,4,5,5,5
216,216,4341,Male,National,3,5,3,5,5,1,1,1,3,1,5,5,5,5,3,5,5,5,5
217,217,4279,Female,IGCSE (British),4,5,5,5,5,4,3,4,5,4,5,4,5,5,5,5,5,5,5
218,218,4281,Female,IGCSE (British),5,5,4,5,5,3,2,5,5,2,5,5,5,5,3,3,4,3,4
219,219,4245,Female,IGCSE (British),4,5,5,5,5,3,4,1,1,1,5,3,5,4,4,5,5,5,5
220,220,4335,Female,IGCSE (British),4,3,5,3,4,4,3,3,3,3,5,4,5,4,4,4,3,3,3
221,221,4326,Male,IGCSE (British),5,5,3,5,5,1,1,1,1,1,5,1,3,1,4,4,5,5,4
222,222,4334,Male,IGCSE (British),1,2,3,1,1,3,2,2,3,2,2,4,3,3,3,2,4,5,5
223,223,4370,Male,IB,1,1,1,3,2,1,1,1,3,1,4,1,3,5,2,1,2,5,4
224,224,4360,Male,American Diploma,1,3,3,5,3,1,1,1,3,3,5,5,5,3,1,3,5,5,5
225,225,4345,Male,National,5,5,3,5,5,1,3,1,1,1,1,1,3,1,3,1,5,5,5
226,226,4350,Male,IB,3,5,4,3,4,3,2,3,2,2,5,3,5,3,3,3,2,4,4
227,227,4463,Male,IGCSE (British),5,5,3,5,5,1,1,1,1,1,1,1,3,1,,5,5,5,5
228,228,4562,Female,IGCSE (British),4,4,4,4,4,4,3,1,3,4,4,4,4,4,4,4,4,4,4
229,229,4563,Male,IGCSE (British),5,5,3,5,5,5,5,5,5,5,5,5,5,5,5,5,5,5,5
230,230,4564,Male,IGCSE (British),4,5,5,4,4,4,4,4,2,2,3,1,2,1,4,5,5,5,5
231,231,4537,Male,IGCSE (British),3,3,5,5,5,5,5,3,1,1,3,1,1,3,3,5,5,3,3
232,232,4558,Male,IGCSE (British),5,3,4,5,5,4,5,3,1,1,3,1,2,3,3,5,5,5,4
233,233,4550,Female,IGCSE (British),5,5,4,5,5,3,3,2,1,2,4,4,5,4,4,3,5,5,5
234,234,4573,Female,IGCSE (British),1,3,3,3,5,5,5,5,5,5,5,5,5,5,1,1,3,1,3
235,235,4536,Male,IGCSE (British),3,4,3,5,4,1,1,1,1,1,1,1,1,1,3,3,4,4,4
236,236,4571,Female,IGCSE (British),3,3,5,5,5,5,5,3,5,5,5,5,3,5,3,3,5,5,5
237,237,4571,Female,IGCSE (British),1,2,2,4,4,2,1,1,2,2,3,2,3,3,2,3,3,2,3
238,238,4566,Male,IGCSE (British),4,4,5,5,5,2,1,2,2,1,2,2,3,1,3,3,4,5,5
239,239,4546,Male,IGCSE (British),3,4,5,5,4,1,3,1,1,1,4,1,4,2,4,4,4,4,5
240,240,4554,Female,IGCSE (British),5,5,5,5,5,1,1,1,1,1,5,5,3,5,5,5,5,5,5
241,241,4535,Female,IGCSE (British),5,5,5,5,5,3,2,3,2,3,3,2,3,1,5,3,3,5,3
242,242,4553,Male,IGCSE (British),4,5,5,4,5,1,3,1,2,1,3,1,2,2,5,3,5,5,4
243,243,4540,Male,IGCSE (British),3,5,5,5,3,1,1,1,1,1,1,1,1,1,5,5,5,5,5
244,244,4358F,Female,IGCSE (British),5,5,4,5,5,3,3,2,3,2,4,2,3,1,4,4,5,5,5
245,245,4572,Female,IGCSE (British),4,5,5,5,3,1,2,1,1,1,5,1,1,1,3,2,5,5,5
246,246,4549,Female,IGCSE (British),4,5,4,3,4,3,2,2,4,3,3,4,3,2,3,3,5,4,5
247,247,4568,Male,IGCSE (British),4,4,5,5,4,1,1,1,1,1,3,1,2,3,4,4,4,5,5
248,248,4543,Male,IGCSE (British),5,5,5,5,5,5,4,4,4,5,5,1,5,3,5,5,5,5,5
249,249,4569,Female,IGCSE (British),3,5,3,3,3,1,1,1,1,1,3,1,1,1,1,1,3,3,2
250,250,4574,Male,IGCSE (British),5,4,4,5,4,3,3,3,4,3,2,2,5,3,4,4,4,4,4
251,251,4560,Male,IGCSE (British),5,5,5,5,5,4,4,1,3,1,4,1,1,1,3,4,3,5,4
252,252,4527,Male,IGCSE (British),3,3,3,4,5,1,1,1,1,1,1,1,2,1,1,2,2,3,4
253,253,4548,Male,IGCSE (British),5,5,3,5,3,3,3,1,1,1,5,3,3,3,3,2,3,3,3
254,254,4559,Male,IGCSE (British),4,3,5,5,4,1,1,1,1,1,3,1,4,1,5,4,5,5,5
255,255,4531,Male,IGCSE (British),4,4,5,5,5,2,2,2,2,2,3,3,5,3,5,5,5,5,5
256,256,4545,Male,IGCSE (British),4,5,5,5,5,4,3,2,2,2,3,3,3,1,5,5,5,5,5
257,257,4533,Male,IGCSE (British),5,5,5,4,5,2,1,1,1,1,1,1,1,1,4,4,5,4,4
258,258,4480,Female,IGCSE (British),3,3,3,5,5,4,5,5,5,5,5,4,4,2,4,4,5,5,5
259,259,4358,Male,American Diploma,5,5,5,5,5,3,1,1,1,1,5,3,5,1,5,5,5,5,5
260,260,4381,Male,American Diploma,3,5,5,5,5,3,1,1,1,3,5,5,5,5,3,4,5,4,5
261,261,4374,Male,National,4,3,2,5,5,3,2,1,1,1,5,4,5,5,2,2,3,4,2
262,262,4317,Male,Other?,4,4,3,4,5,3,4,5,3,4,4,3,5,4,4,3,4,5,5
263,263,4314,Male,Other?,3,5,5,5,5,3,5,2,1,2,3,1,3,1,5,5,3,5,3
264,264,4305,Female,National,3,2,4,3,2,3,3,2,4,3,5,4,4,3,2,2,3,3,3
265,265,4326F,Female,National,5,5,5,5,5,3,3,5,3,2,5,4,5,5,3,3,4,5,5
266,266,4281,Male,National,4,4,3,5,3,3,3,4,5,5,5,4,4,4,3,3,4,4,4
267,267,4316,Female,American Diploma,5,4,3,5,2,1,1,2,1,3,1,1,3,3,3,1,3,3,4
268,268,4372,Male,National,4,5,4,5,4,3,3,2,3,4,3,3,4,4,4,4,5,5,5
269,269,4292R,Male,IGCSE (British),4,4,5,5,5,2,1,3,2,1,3,2,3,2,3,3,4,4,3
270,270,4329,Female,National,4,2,3,4,5,3,1,3,1,1,2,2,4,1,2,1,3,4,3
271,271,4375,Female,National,1,1,1,1,1,1,1,1,2,3,5,3,3,1,4,1,1,3,1
272,272,4310,Female,National,3,2,1,2,2,4,1,1,2,2,5,2,4,3,3,2,4,4,5
273,273,4353,Female,National,4,5,5,5,5,4,3,3,3,4,5,4,5,4,5,5,5,5,5
274,274,4371,Male,National,5,5,5,5,5,1,1,1,1,1,1,1,3,1,5,4,5,5,5
275,275,4648,Male,IGCSE (British),1,1,2,2,5,5,5,3,2,4,4,1,3,2,4,5,3,3,4
276,276,4632,Male,IGCSE (British),1,2,3,2,4,3,5,3,2,1,4,5,4,2,3,4,2,4,3
277,277,4664,Female,IGCSE (British),3,5,3,5,5,3,5,5,1,3,5,1,5,5,3,5,5,5,5
278,278,4636,Male,IGCSE (British),4,4,5,5,5,1,1,1,2,3,4,2,1,3,3,2,4,4,3
279,279,4668,Male,IGCSE (British),5,3,5,5,5,2,2,2,1,1,3,1,4,3,4,3,5,5,5
280,280,4295,Male,IGCSE (British),3,5,5,5,5,3,1,1,1,2,4,1,1,3,5,5,5,5,5
281,281,4639,Female,IGCSE (British),5,5,5,5,5,3,5,4,4,4,5,3,5,3,4,3,5,4,5
282,282,4631,Male,IGCSE (British),5,4,5,5,5,1,1,1,1,1,2,1,2,1,4,4,5,4,4
283,283,4650,Female,IGCSE (British),5,5,5,5,5,5,5,3,5,5,5,1,5,3,4,4,5,5,3
284,284,4635,Female,IGCSE (British),4,5,4,5,4,4,4,2,2,3,5,2,4,3,2,2,3,3,3
285,285,4643,Male,IGCSE (British),4,5,3,5,5,3,3,3,4,4,5,1,4,4,2,3,5,5,5
286,286,4659,Female,IGCSE (British),4,4,3,4,5,3,3,2,2,2,1,2,2,2,4,3,4,5,4
287,287,4642,Female,IGCSE (British),5,5,5,5,4,2,1,1,1,2,2,1,3,1,4,4,5,5,5
288,288,4665,Male,IGCSE (British),2,3,5,2,5,1,1,1,3,2,4,1,5,1,4,1,5,4,5
289,289,4657,Female,IGCSE (British),3,3,3,5,5,3,1,1,1,1,1,1,1,1,3,3,3,3,3
290,290,4677,Male,IGCSE (British),2,3,1,5,5,1,1,3,1,1,1,1,4,1,3,2,3,4,3
291,291,4673,Male,IGCSE (British),3,4,3,5,5,3,4,2,2,3,5,4,5,5,4,3,4,5,4
292,292,4672,Female,IGCSE (British),3,4,4,5,5,3,3,3,3,2,3,1,3,2,3,3,4,4,4
293,293,4660,Female,IGCSE (British),5,5,5,5,5,5,5,5,5,5,5,5,5,5,4,4,5,4,4
294,294,4678,Female,IGCSE (British),4,3,4,4,5,1,1,1,1,1,1,1,3,1,4,3,5,5,5
295,295,4676,Female,IGCSE (British),4,3,5,4,5,1,2,1,1,1,1,1,1,2,4,3,5,4,5
296,296,4666,Female,IGCSE (British),4,3,4,4,5,1,2,1,1,1,1,1,2,1,4,3,5,5,5
297,297,4646,Female,IGCSE (British),4,4,5,4,5,3,3,2,2,3,5,1,5,4,4,2,3,5,4
298,298,4611,Male,IGCSE (British),3,2,4,5,4,4,4,3,1,1,2,1,1,1,4,4,4,4,4
299,299,4602,Female,IGCSE (British),5,5,5,5,5,4,4,1,1,1,3,1,1,1,4,4,4,4,4
300,300,4626,Male,IGCSE (British),4,5,5,5,5,3,2,2,2,2,4,3,3,1,5,4,4,5,4
301,301,4589,Female,IGCSE (British),4,4,4,5,4,3,3,4,3,3,5,5,4,3,3,3,4,4,5
302,302,4586,Female,IGCSE (British),5,5,5,4,5,3,2,1,2,2,3,1,1,1,4,4,5,5,5
303,303,4581,Female,IGCSE (British),5,5,4,5,5,3,3,2,1,1,1,1,1,1,3,3,5,5,3
304,304,4591,Female,IGCSE (British),2,4,5,5,5,1,1,1,1,3,5,3,5,5,2,1,2,2,2
305,305,4627,Female,IGCSE (British),5,5,5,5,5,2,1,2,1,1,3,1,2,1,3,2,5,5,5
306,306,4623,Male,IGCSE (British),5,5,3,5,5,3,3,5,5,5,5,3,5,3,3,3,4,3,3
307,307,4601,Female,IGCSE (British),3,3,2,5,4,1,1,1,1,1,3,1,1,1,3,3,5,5,5
308,308,4600,Female,IGCSE (British),3,4,2,5,4,1,1,1,1,1,3,3,3,1,4,2,4,4,4
309,309,4608,Female,IGCSE (British),4,5,5,5,4,1,1,1,1,1,3,1,4,1,5,5,5,5,5
310,310,4599,Male,IGCSE (British),4,5,4,5,5,4,4,3,3,2,4,4,5,2,3,3,4,5,5
311,311,4610,Female,IB,5,5,5,5,5,1,5,1,3,1,3,1,1,1,3,2,5,5,5
312,312,4609,Male,IGCSE (British),3,4,4,5,3,5,5,5,5,5,5,5,5,5,4,4,5,4,5
313,313,4607,Female,IGCSE (British),4,5,5,5,5,4,4,3,3,4,3,1,4,1,4,4,5,5,5
314,314,4578,Female,IGCSE (British),5,5,5,5,5,5,3,3,1,1,3,1,3,2,3,2,4,5,5
315,315,4588,Male,IGCSE (British),4,4,4,4,4,2,4,1,1,3,2,2,3,1,4,3,4,5,5
316,316,4617,Female,IGCSE (British),3,4,5,4,4,2,3,2,2,1,2,2,4,2,2,2,3,3,3
317,317,4613,Female,IGCSE (British),1,3,2,5,3,5,2,1,1,1,5,3,5,5,1,3,3,3,2
318,318,4583,Female,IGCSE (British),3,3,3,5,5,1,1,1,1,1,2,1,3,1,2,2,3,3,4
319,319,4585,Male,IGCSE (British),5,5,5,5,5,3,2,2,1,1,3,2,2,1,5,4,5,5,5
320,320,4616,Male,IGCSE (British),4,4,4,4,5,1,1,1,1,1,4,1,5,1,3,4,3,4,5
321,321,4595,Male,IGCSE (British),4,3,4,4,4,4,2,2,2,3,3,4,4,5,4,3,4,4,3
322,322,4619,Male,IGCSE (British),5,5,4,5,5,1,2,2,1,1,3,1,4,1,4,5,5,5,5
323,323,4579,Male,IGCSE (British),5,5,5,5,5,1,1,1,1,1,3,2,5,2,4,4,5,5,5
324,324,4620,Female,Other?,4,4,3,5,5,2,3,3,1,2,5,5,5,2,3,3,4,4,4
325,325,4592,Male,Other?,4,5,5,5,5,5,5,2,3,2,5,5,5,5,5,4,5,5,5
326,326,4598,Female,IGCSE (British),3,4,4,5,5,3,2,3,2,2,5,3,5,4,4,4,5,5,5
327,327,4663,Female,IGCSE (British),5,3,3,5,5,3,2,1,1,1,3,2,3,2,3,2,3,4,3
328,328,4670,Female,IGCSE (British),4,2,3,5,5,3,3,4,2,2,4,2,5,4,3,3,3,3,3
329,329,4652,Male,IGCSE (British),5,5,4,5,5,2,2,1,1,1,2,1,3,2,4,4,4,5,5
330,330,4419,Male,IGCSE (British),5,5,5,5,5,1,1,1,1,1,5,1,5,5,5,3,5,5,5
331,331,4653,Male,IGCSE (British),3,5,3,5,5,3,3,3,3,3,5,1,5,3,5,5,5,3,3
332,332,4669,Male,IGCSE (British),5,4,4,5,5,3,2,2,1,1,3,2,3,4,4,3,5,4,4
333,333,4389,Female,IGCSE (British),3,3,4,4,5,4,5,5,3,3,1,1,4,2,3,2,4,4,2
334,334,4667,Female,IGCSE (British),5,5,5,5,5,3,2,2,1,2,3,2,2,2,5,3,5,5,5
335,335,4541,Male,IGCSE (British),3,5,3,5,5,1,3,1,3,2,3,1,5,2,3,4,5,5,5
336,336,4686,Male,IGCSE (British),5,5,5,5,5,1,1,1,1,1,1,1,1,1,5,5,5,5,5
337,337,4542,Female,IGCSE (British),3,4,4,5,5,5,4,5,5,4,5,4,4,4,3,4,4,5,5
338,338,4645,Male,IGCSE (British),5,4,5,5,5,5,3,2,3,3,4,3,4,5,4,4,5,4,5
339,339,4656,Female,IGCSE (British),5,4,4,5,5,3,3,2,1,1,2,1,2,1,3,2,4,3,5
340,340,4395,Male,IGCSE (British),5,5,4,5,5,5,5,5,5,5,5,5,4,3,5,5,5,5,5
341,341,4681,Male,IGCSE (British),4,3,3,5,5,5,5,5,4,3,5,5,4,3,3,1,1,3,1
342,342,4414,Female,IGCSE (British),5,5,4,5,5,3,2,2,1,2,3,2,3,2,3,2,3,2,3
343,343,4508,Male,IGCSE (British),5,3,3,2,5,4,2,2,2,4,2,2,4,2,5,4,5,4,5
344,344,4464,Male,IGCSE (British),5,4,3,3,4,4,3,5,3,4,5,3,5,4,2,2,3,4,5
345,345,4683,Male,IGCSE (British),5,5,5,5,5,1,5,1,1,1,1,1,1,1,5,5,5,5,5
346,346,4539,Female,IGCSE (British),5,5,5,5,5,2,2,1,1,1,4,1,4,3,5,3,5,4,5
347,347,4653,Female,IGCSE (British),3,3,3,4,4,4,4,3,2,3,2,1,1,2,1,1,4,3,3
348,348,4657,Female,IGCSE (British),4,4,3,5,5,2,2,1,2,3,4,3,1,1,4,2,4,5,4
349,349,4506,Female,IGCSE (British),5,5,4,5,5,4,3,1,1,1,3,2,3,2,4,3,3,3,3
350,350,4668,Male,IGCSE (British),4,3,4,5,4,5,3,2,2,3,5,5,5,1,3,3,4,4,5
351,351,4684,Female,IGCSE (British),4,5,3,5,3,4,2,1,1,3,4,3,5,2,2,4,4,5,5
352,352,4637,Female,IGCSE (British),3,4,4,5,5,3,3,1,1,3,2,2,1,1,2,2,3,4,3
353,353,4311,Male,IGCSE (British),5,5,5,5,5,3,3,3,1,1,5,3,5,5,5,5,5,3,5
354,354,4297,Male,Other?,3,3,4,5,5,3,3,2,2,2,5,3,5,5,4,3,3,4,4
355,355,4707,Female,American Diploma,5,5,4,5,2,1,1,1,1,1,2,1,2,2,4,3,5,5,3
356,356,4698,Female,American Diploma,4,5,5,4,5,5,3,5,3,2,4,4,5,4,5,5,5,5,5
357,357,4703,Female,American Diploma,4,1,3,5,5,1,2,1,1,1,3,1,1,1,2,1,5,5,5
358,358,4712,Female,American Diploma,5,5,5,5,5,3,3,1,1,1,1,1,1,1,3,3,5,3,5
359,359,4702,Female,American Diploma,3,2,3,4,4,4,3,3,4,3,4,3,4,4,2,1,3,3,3
360,360,4691,Female,American Diploma,3,5,3,4,4,4,3,5,5,2,4,1,5,4,5,4,5,5,5
361,361,4693,Female,American Diploma,5,3,3,5,5,2,1,2,2,1,3,1,2,3,5,4,4,4,5
362,362,4704,Female,American Diploma,3,4,4,4,5,5,5,4,4,5,5,4,5,5,5,4,5,3,5
363,363,4736,Female,American Diploma,3,5,3,5,5,1,3,1,1,4,5,3,5,5,3,3,5,3,5
364,364,4771,Female,American Diploma,5,5,5,5,5,1,3,1,1,1,1,1,3,5,3,5,5,5,5
365,365,4697,Female,American Diploma,2,2,3,4,5,3,3,1,1,1,4,2,4,1,3,2,5,2,5
366,366,4717,Female,American Diploma,5,5,5,5,5,1,1,1,1,1,1,1,1,1,4,4,5,5,5
367,367,4723,Female,American Diploma,5,5,5,5,5,3,3,3,2,2,3,2,3,2,4,4,5,5,5
368,368,4726,Female,American Diploma,4,2,1,3,2,5,4,4,5,4,5,4,4,4,3,1,4,3,4
369,369,4714,Female,American Diploma,4,5,5,4,5,2,2,2,2,2,3,3,3,2,4,3,4,4,4
370,370,4716,Female,American Diploma,5,5,5,5,5,5,5,3,3,3,5,5,3,3,3,3,5,5,5
371,371,4718,Female,American Diploma,5,3,3,5,5,1,1,1,1,1,3,1,3,1,3,3,3,5,5
372,372,4730,Female,American Diploma,4,5,5,5,5,3,4,4,1,1,3,3,4,4,5,5,5,5,5
373,373,4725,Female,American Diploma,5,5,4,5,5,1,1,1,1,1,3,1,4,1,5,4,5,5,5
374,374,4720,Female,American Diploma,5,5,5,5,5,2,1,3,1,1,4,3,5,3,5,3,5,5,5
375,375,4728,Female,American Diploma,5,4,5,5,4,3,3,3,1,2,4,3,3,2,4,5,5,5,5
376,376,4606,Female,American Diploma,4,3,5,5,5,4,4,4,4,4,5,5,5,5,4,5,5,5,5
377,377,4733,Female,American Diploma,3,3,4,5,4,1,1,3,1,1,3,1,1,1,3,3,5,5,5
378,378,4731,Female,American Diploma,5,5,5,3,5,1,1,1,1,1,1,1,1,1,5,5,5,5,5
379,379,4727,Female,IB,5,5,4,5,5,4,4,4,4,5,5,4,4,4,5,4,4,4,4
380,380,4729,Female,American Diploma,3,3,4,5,5,2,2,1,1,2,5,1,4,5,5,5,5,5,5
381,381,4722,Female,IB,5,5,5,1,5,4,5,5,5,5,5,4,5,3,5,5,5,5,5
382,382,4753,Male,American Diploma,5,4,5,5,5,3,3,3,4,4,5,4,5,4,4,5,5,5,5
383,383,4604,Male,American Diploma,3,3,3,3,3,3,3,3,3,3,3,5,5,5,3,2,3,2,3
384,384,4737,Male,American Diploma,4,3,5,3,4,3,3,1,3,2,4,3,2,3,4,2,3,4,4
385,385,4746,Male,American Diploma,5,3,5,5,5,5,1,1,1,1,5,5,3,5,3,5,5,5,5
386,386,4763,Male,American Diploma,4,4,3,5,3,4,5,5,5,5,5,5,5,5,5,5,5,5,5
387,387,4759,Male,American Diploma,5,5,5,5,4,3,3,4,2,3,4,3,3,4,4,4,5,5,4
388,388,4766,Male,American Diploma,5,4,4,5,4,4,2,3,1,2,4,2,3,2,4,4,5,5,5
389,389,4768,Male,American Diploma,3,3,5,5,5,1,1,1,1,1,1,5,5,2,5,5,5,5,5
390,390,4762,Male,American Diploma,3,3,5,5,5,5,3,3,3,1,5,3,3,3,3,5,5,3,5
391,391,4764,Male,American Diploma,4,4,4,5,4,5,5,5,5,5,5,5,5,5,4,4,4,4,4
392,392,4758,Male,IB,4,3,5,5,5,1,1,2,1,1,5,1,4,5,3,4,5,5,5
393,393,4769,Male,American Diploma,5,5,5,5,5,3,5,5,5,5,5,3,3,3,5,5,5,5,5
394,394,4754,Male,American Diploma,5,5,5,4,5,5,3,5,1,1,5,5,5,5,4,5,5,5,5
395,395,4761,Male,American Diploma,4,5,5,5,5,3,1,1,3,2,5,3,1,2,4,5,5,5,5
396,396,4756,Male,American Diploma,5,3,5,5,4,3,2,1,2,3,4,3,3,1,3,3,5,5,5
397,397,4755,Male,American Diploma,5,3,4,5,5,1,2,2,3,1,5,2,5,5,2,1,5,5,3
398,398,4710,Female,American Diploma,5,5,5,5,5,5,5,5,5,5,5,5,5,5,5,5,5,5,5
399,399,4746,Male,National,1,5,5,5,3,3,3,4,3,3,4,4,4,3,4,4,4,4,4
400,400,4739,Male,National,3,5,5,3,5,3,3,3,3,3,3,3,3,3,3,1,3,3,3
401,401,4754,Male,Other?,1,2,,,,,,,,,,,,,,,,,
402,402,4755,Male,National,3,5,1,3,1,5,3,3,5,1,3,5,1,3,3,5,1,3,5
403,403,4742,Male,National,5,5,1,4,5,1,3,5,3,1,3,5,3,1,1,3,5,3,1
404,404,4750,Male,National,1,1,1,3,1,1,5,3,3,3,5,1,3,4,5,5,3,4,3
405,405,4754,Male,National,3,3,4,4,4,3,3,5,4,2,4,3,3,3,3,2,3,3,3
406,406,4748,Male,National,5,5,4,5,5,5,5,5,5,5,5,5,5,5,5,5,5,5,4
407,407,4753,Male,National,5,5,5,5,5,5,5,5,5,5,5,5,5,5,,,,,5
408,408,4743,Female,National,5,3,1,3,4,5,4,3,4,5,5,3,2,3,3,2,5,1,5
409,409,4760,Female,National,5,4,4,5,5,5,4,4,5,5,5,5,5,5,3,4,5,5,5
410,410,4760,Female,National,4,5,5,5,5,4,5,4,5,4,5,3,5,5,4,5,5,4,4
411,411,4767,Male,IB,2,1,3,4,3,1,1,1,1,1,3,3,3,2,4,3,2,3,3
412,412,4778,Female,IB,5,5,5,5,5,5,4,5,5,5,5,5,5,5,5,4,5,5,5
413,413,4777,Male,IB,5,5,3,5,5,1,1,1,2,2,1,1,1,2,5,5,5,5,5
414,414,4763,Female,IB,4,3,5,5,4,2,1,1,1,1,2,1,3,4,3,3,4,3,2
415,415,4768,Male,IB,4,5,4,5,5,3,3,3,2,2,4,3,4,3,4,3,5,5,5
416,416,4773,Male,IB,5,5,5,5,5,4,5,5,5,5,5,3,5,3,4,4,5,5,5
417,417,4765,Female,IB,5,5,5,5,5,5,5,5,5,5,5,5,5,5,5,5,5,5,5
418,418,4763,Female,IB,3,5,3,4,3,3,2,2,2,4,4,5,5,3,2,2,3,2,3
419,419,4770,Female,IB,5,4,5,5,5,3,2,2,1,3,2,1,2,3,5,5,4,5,4
420,420,4775,Female,IB,5,5,5,5,5,3,1,1,1,1,3,3,1,1,4,3,5,5,4
421,421,4769,Male,IB,5,5,4,5,5,5,5,3,4,3,5,1,4,4,4,4,5,4,4
422,422,4771,Female,IB,5,4,5,5,5,5,5,5,5,5,4,1,5,5,2,1,3,3,2
423,423,4740,Male,National,5,5,5,5,5,5,5,3,3,3,5,5,5,5,3,3,3,3,5
424,424,4824,Male,IB,2,3,5,5,4,2,3,3,,2,4,4,3,4,4,3,5,5,5
425,425,4816,Male,IB,4,4,4,4,4,4,4,5,5,5,5,5,5,5,3,3,3,3,3
426,426,4820,Male,IB,5,5,3,4,3,2,5,3,2,2,3,2,2,3,3,3,4,4,5
427,427,4817,Male,IB,5,5,5,5,5,1,1,1,1,1,1,1,1,1,5,5,5,5,5
428,428,4824,Male,IB,4,5,5,5,3,5,5,4,3,3,5,5,5,5,4,4,4,5,4
429,429,4815,Male,IB,5,5,5,5,5,3,2,4,4,4,5,4,5,5,5,5,5,5,5
430,430,4825,Male,IB,5,5,5,5,5,1,1,1,1,1,4,1,5,3,4,4,4,4,4
431,431,4819,Male,IB,5,5,4,5,5,4,3,3,4,3,5,2,5,5,5,5,4,5,5
432,432,4822,Female,IB,5,5,5,5,5,3,3,1,1,3,4,3,3,3,4,4,5,4,5
433,433,4821,Female,IB,5,5,5,5,4,5,4,4,5,4,4,4,4,4,4,3,4,5,5
434,434,4818,Male,IB,5,5,5,5,5,3,3,2,4,5,5,1,4,2,4,4,5,5,5
435,435,4781,Male,IB,3,3,4,4,3,1,1,1,1,1,2,2,1,1,4,3,5,4,5
436,436,4789,Male,IB,5,5,5,5,5,4,1,3,3,3,5,1,5,3,4,4,5,5,4
437,437,4782,Female,IB,4,4,3,3,5,3,3,2,3,3,3,1,3,3,4,3,5,5,4
438,438,4786,Male,IB,5,4,3,5,5,4,4,2,3,3,3,3,4,3,3,2,3,4,4
439,439,4783,Male,IB,4,3,3,2,3,1,4,1,1,1,5,2,4,5,4,2,5,5,5
440,440,4787,Female,IB,3,3,3,5,4,2,2,1,1,1,3,2,3,2,2,2,3,3,3
441,441,4785,Male,IB,5,5,5,5,5,1,1,1,1,1,5,1,1,1,3,3,5,5,5
442,442,4780,Female,IB,3,4,3,5,4,1,2,1,1,1,2,1,2,1,3,3,4,4,5
443,443,4788,Male,IB,5,5,5,5,5,1,1,1,1,1,1,5,1,1,5,5,5,5,4
444,444,4784,Male,IB,3,4,2,5,5,2,1,1,1,1,3,2,4,2,2,1,4,5,4
445,445,4779,Male,IB,5,5,4,5,5,2,3,5,1,2,1,3,5,1,5,5,4,5,3
446,446,4756,Male,National,1,5,1,2,5,1,5,5,3,1,5,5,5,1,1,3,5,1,1
447,447,4795,Male,IB,4,3,2,3,4,1,1,2,1,1,4,4,4,1,3,2,4,4,4
448,448,4805,Male,IB,3,3,3,4,3,1,1,1,1,1,4,2,1,1,2,2,1,3,2
449,449,4799,Male,IB,2,3,3,4,2,5,4,2,3,3,3,4,2,3,1,5,2,2,3
450,450,4796,Female,IB,4,5,5,5,5,4,5,3,3,3,4,3,4,3,3,4,4,4,3
451,451,4791,Male,IB,,,,,,,,,,,,,,,,,,,
452,452,4808,Male,IB,3,4,4,4,3,3,2,1,2,2,3,1,2,2,3,3,2,3,3
453,453,4806,Male,IB,4,3,4,4,4,2,3,1,1,1,3,1,1,1,3,2,4,3,3
454,454,4793,Female,IB,3,3,5,4,5,5,1,1,3,2,4,4,1,1,1,1,5,5,3
455,455,4809,Male,IB,4,5,3,5,3,1,1,1,1,1,3,2,4,2,3,4,4,3,3
456,456,4807,Male,IB,4,4,5,4,5,4,5,4,4,4,5,4,4,4,4,5,4,4,5
457,457,4800,Male,IB,4,5,5,5,5,1,1,1,1,1,3,4,5,5,4,4,4,5,5
458,458,4812,Female,IB,3,4,3,4,4,3,3,2,2,2,3,3,3,3,3,3,3,4,3
459,459,4810,Female,IB,3,5,4,5,4,5,4,1,2,3,4,3,5,3,4,3,5,4,5
460,460,4803,Female,IB,3,3,3,3,3,3,2,2,2,2,2,2,2,2,2,1,3,3,3
461,461,4802,Female,IB,5,3,2,5,2,1,1,1,1,1,1,1,1,1,3,4,2,3,3
462,462,4813,Male,IB,3,2,4,5,5,3,5,3,2,2,3,4,5,1,4,3,5,5,5
463,463,4801,Female,IB,5,5,5,5,5,2,1,1,1,1,4,1,4,1,3,2,4,5,4
464,464,4836,Male,IB,5,4,3,5,5,2,2,2,2,2,4,2,1,2,5,5,4,5,4
465,465,4832,Female,IB,5,5,3,5,5,5,5,5,5,5,5,5,5,5,3,4,3,4,4
466,466,4838,Male,IB,3,2,4,4,4,2,1,2,2,2,5,1,2,2,3,2,3,3,3
467,467,4833,Male,IB,3,5,3,5,5,3,3,3,1,1,5,1,5,3,3,3,3,3,3
468,468,4828,Male,IB,3,3,3,4,5,3,3,1,1,1,3,1,2,3,3,3,3,3,3
469,469,4831,Female,IB,5,4,4,5,5,2,1,1,1,1,1,1,1,1,5,4,5,5,5
470,470,4834,Male,IB,4,5,3,4,4,3,2,3,3,3,3,1,4,3,3,3,4,5,5
471,471,4835,Female,IB,3,3,2,4,4,2,2,2,2,1,2,1,2,1,3,3,4,4,4
472,472,4826,Male,IB,5,5,5,5,5,1,3,1,1,1,3,1,5,1,4,4,5,5,5
473,473,4827,Male,IB,3,2,2,5,4,3,2,2,2,3,4,3,4,2,2,2,4,3,3
474,474,4829,Female,IB,3,5,4,5,5,1,1,1,1,1,1,1,1,1,4,3,5,5,4
475,475,4837,Male,IB,3,3,3,4,3,2,1,3,4,4,3,1,4,3,4,3,5,5,5
476,476,4830,Male,IB,2,2,2,1,1,2,3,3,4,4,1,2,2,2,2,2,2,2,3
477,477,4846,Male,IB,4,3,4,5,5,1,1,1,1,1,4,1,3,2,5,5,5,5,5
478,478,4847,Male,IB,3,4,5,4,5,5,5,3,5,5,5,5,5,3,5,4,5,5,5
479,479,4855,Male,IB,3,5,1,5,4,1,4,3,1,1,1,1,1,1,4,3,4,5,3
480,480,4850,Male,IB,2,3,2,4,5,2,1,2,2,1,3,2,4,3,2,2,3,3,3
481,481,4581,Male,IB,5,4,3,2,2,1,1,1,1,1,1,1,1,1,3,4,4,5,4
482,482,4849,Male,IB,3,5,3,5,5,3,4,2,1,1,3,3,4,3,3,2,5,5,5
483,483,4845,Female,IB,4,4,4,4,5,3,2,2,3,3,5,2,5,5,4,4,3,5,5
484,484,4848,Female,IB,4,5,4,5,5,4,4,4,4,5,5,3,5,5,5,5,5,5,5
485,485,4839,Female,IB,2,1,3,4,2,3,4,2,1,3,5,3,4,5,2,3,4,3,2
486,486,4857,Female,IB,5,4,5,5,5,3,5,3,3,3,4,3,4,1,4,4,5,5,4
487,487,4856,Male,IB,2,3,4,3,2,3,3,2,1,1,3,2,2,4,3,2,4,3,3
488,488,4842,Male,IB,5,3,5,5,5,1,1,1,1,4,3,3,5,1,5,3,4,5,4
489,489,4852,Female,IB,3,5,4,3,1,1,1,1,1,1,3,1,5,4,2,3,3,2,3
490,490,4752,Male,Other?,5,5,5,5,3,5,3,5,3,3,5,3,5,3,3,3,2,3,3
491,491,4859,Male,IB,3,2,1,5,2,1,1,1,1,1,5,1,1,1,5,5,5,5,5
492,492,4871,Female,IB,4,5,3,5,5,5,5,5,5,5,5,5,5,4,4,2,4,5,5
493,493,4873,Male,IB,5,5,3,3,5,1,1,1,1,1,1,1,2,3,3,1,3,5,2
494,494,4858,Male,IB,5,3,3,5,5,4,5,1,3,1,5,3,5,4,3,4,5,,5
495,495,4874,Male,IB,4,5,5,3,3,3,2,3,2,3,4,1,4,2,4,4,4,4,3
496,496,4863,Female,IB,4,5,5,4,4,1,1,1,1,1,1,1,1,1,4,3,4,5,5
497,497,4864,Female,IB,3,5,5,5,5,1,1,1,1,1,1,1,1,1,3,3,5,5,5
498,498,4860,Male,IB,4,5,4,4,5,3,3,3,2,2,3,2,4,4,4,3,5,4,4
499,499,4866,Male,IB,3,4,4,5,5,3,1,2,1,1,3,1,1,2,3,4,4,3,4
500,500,4869,Male,IB,5,3,5,5,4,2,1,1,2,3,3,1,1,3,4,4,5,5,5
501,501,4862,Female,IB,3,3,5,5,4,1,1,1,1,1,1,1,2,1,4,5,5,5,5
502,502,4870,Male,IB,4,4,3,5,3,5,4,3,4,4,5,2,1,5,3,4,5,4,3
503,503,4868,Female,IB,5,5,5,5,5,1,1,1,1,1,3,1,2,1,4,3,4,4,5
504,504,4861,Female,IB,4,5,4,5,5,2,2,2,2,2,4,3,4,4,3,3,4,3,3
505,505,4892,Male,IGCSE (British),3,5,3,5,5,1,1,1,1,5,3,1,4,1,3,2,4,5,5
506,506,4891,Male,IGCSE (British),5,3,4,3,5,4,2,1,1,3,4,2,3,1,3,4,5,4,4
507,507,4899,Female,IGCSE (British),3,4,5,5,5,2,2,1,1,1,2,1,2,1,4,4,4,4,5
508,508,4898,Female,IGCSE (British),3,3,1,5,3,3,1,3,3,1,5,3,1,1,1,1,3,5,5
509,509,4879,Female,IGCSE (British),5,5,3,5,5,3,1,1,2,1,3,4,5,5,2,3,5,5,5
510,510,4883,Female,IB,3,4,2,5,4,3,1,1,1,3,3,2,4,2,3,3,4,4,4
511,511,4919,Female,IGCSE (British),3,3,2,4,3,4,2,4,3,3,4,4,5,5,3,3,3,4,4
512,512,4879,Male,IGCSE (British),5,5,5,5,5,1,1,3,3,3,5,5,5,5,5,5,5,5,5
513,513,4913,Male,IGCSE (British),4,5,4,3,4,1,1,2,1,5,3,2,4,3,4,3,5,5,3
514,514,4897,Male,IGCSE (British),5,5,5,3,3,1,1,1,1,1,1,1,1,2,3,3,3,4,5
515,515,4911,Female,IGCSE (British),3,5,3,5,5,1,1,1,1,1,2,1,1,1,3,4,4,5,5
516,516,4904,Male,IGCSE (British),5,5,4,5,4,1,1,1,1,2,3,1,3,1,4,4,5,5,5
517,517,4895,Male,IGCSE (British),4,3,5,5,3,3,1,1,1,4,5,2,1,4,4,5,4,3,2
518,518,4910,Female,IGCSE (British),4,5,3,5,4,1,1,1,1,1,2,1,3,2,3,2,3,3,3
519,519,4901,Female,IGCSE (British),4,3,2,4,4,2,2,2,1,2,4,2,2,2,3,3,4,4,3
520,520,4884,Female,IGCSE (British),5,5,5,5,5,5,3,5,5,3,5,3,3,5,3,3,3,3,3
521,521,4898,Female,IGCSE (British),3,4,2,5,5,2,2,3,3,3,4,4,5,5,5,5,5,5,5
522,522,4917,Male,IGCSE (British),5,5,4,5,4,1,3,1,1,1,1,2,4,4,3,3,5,5,5
523,523,4924,Male,IGCSE (British),4,5,2,5,2,1,1,1,2,2,4,2,5,3,3,2,3,3,3
524,524,4908,Female,IGCSE (British),4,4,5,5,4,2,1,1,1,1,3,1,1,1,4,5,5,4,4
525,525,4900,Male,IGCSE (British),4,3,4,5,4,4,3,2,3,4,5,3,5,3,4,3,4,5,5
526,526,4922,Female,IGCSE (British),5,5,3,5,5,3,3,5,3,1,5,4,5,3,4,4,5,5,4
527,527,4906,Female,IGCSE (British),5,5,4,5,5,5,4,4,4,5,5,5,5,5,4,5,5,5,5
528,528,4899,Female,IGCSE (British),3,5,3,3,5,3,1,1,1,3,3,1,3,3,3,3,3,5,5
529,529,4885,Female,IGCSE (British),4,5,5,5,4,3,3,4,4,5,5,1,4,3,4,5,5,5,5
530,530,4914,Female,IGCSE (British),3,5,5,5,5,2,3,3,4,4,5,1,4,5,3,2,4,5,4
531,531,4921,Female,IGCSE (British),4,5,5,4,3,5,4,2,3,3,4,1,5,4,4,3,3,4,5
532,532,4903,Female,IGCSE (British),4,5,3,4,5,2,2,2,1,2,3,2,3,2,4,3,4,5,4
533,533,4902,Female,IGCSE (British),5,3,1,5,5,3,1,1,3,3,5,1,5,5,5,5,3,3,5
534,534,4909,Female,IGCSE (British),5,4,3,3,4,3,2,3,2,2,4,1,4,3,4,2,5,5,4
535,535,4912,Female,IGCSE (British),4,5,3,5,5,3,4,3,3,3,4,1,4,4,3,5,5,5,5
536,536,4926,Female,IGCSE (British),4,4,3,3,3,3,3,2,2,2,5,2,3,2,2,2,3,3,4
537,537,4886,Female,IGCSE (British),3,5,5,5,5,2,3,2,1,1,3,1,2,2,5,5,5,5,3
538,538,4907,Male,IGCSE (British),3,3,2,4,3,1,1,1,1,3,5,5,5,5,4,3,5,4,5
539,539,4888,Female,IGCSE (British),1,3,5,5,5,3,5,1,5,5,5,1,5,5,5,5,5,5,5
540,540,4896,Female,IGCSE (British),5,5,3,5,4,3,3,1,1,3,5,5,3,2,2,2,3,4,3
541,541,4927,Female,IGCSE (British),3,3,2,5,5,1,1,2,3,2,4,1,3,3,2,3,2,3,2
542,542,4878,Female,IGCSE (British),5,5,5,5,5,2,2,2,1,1,4,3,4,3,5,4,5,4,5
543,543,4923,Male,IGCSE (British),5,5,5,5,3,5,5,5,5,5,4,5,5,5,5,3,5,5,5
544,544,4880,Male,IGCSE (British),3,5,3,4,3,3,1,1,1,1,1,1,1,1,5,5,5,5,5
545,545,4920,Female,IGCSE (British),3,5,5,5,5,3,4,4,3,5,5,5,5,5,5,5,5,5,5
546,546,4887,Male,IGCSE (British),3,4,4,3,2,3,3,4,4,4,3,3,4,3,5,4,3,3,4