"","ID","Gender","Certificate","Q01","Q02","Q03","Q04","Q05","Q06","Q07","Q08","Q09","Q10","Q11","Q12","Q13","Q14","Q15","Q16","Q17","Q18","Q19","sum"
"1","4217","Male","IB",3,2,3,4,3,4,5,1,3,4,1,5,2,1,1,1,2,3,5,55
"2","4216","Male","IB",1,2,3,2,3,2,3,2,3,2,4,2,3,1,1,1,1,1,1,42
"3","4232","Male","IB",4,5,4,4,5,4,3,3,3,3,3,3,3,3,4,4,4,4,4,76
"4","4233","Male","IB",5,5,5,5,5,5,5,5,4,5,4,5,4,4,3,3,3,4,4,91
"5","4235","Male","IB",5,5,5,5,3,3,2,4,4,5,4,5,4,4,5,5,5,4,4,91
"6","4230","Female","IB",1,1,1,1,1,1,1,5,5,5,5,5,5,5,5,5,5,5,5,79
"7","4420","Male","IB",4,5,4,5,4,3,3,3,3,3,4,3,4,4,5,4,5,5,5,90
"8","4421","Male","IB",5,5,4,5,5,2,1,3,1,1,3,1,1,1,5,3,4,5,2,73
"9","4234","Female","IB",5,3,1,4,2,5,3,1,4,2,5,3,5,3,1,3,2,5,3,78
"10","4219","Male","IB",5,5,5,5,5,5,5,5,5,5,5,5,5,5,5,5,5,5,5,115
"11","4229","Female","IB",5,5,5,5,5,5,5,5,5,5,5,5,5,5,5,5,5,5,5,117
"12","4236","Male","IB",5,4,5,5,4,5,5,5,5,4,5,1,5,1,5,3,5,5,5,106
"13","4227","Female","IB",NA,NA,NA,NA,NA,NA,NA,NA,NA,NA,NA,NA,NA,NA,NA,NA,NA,NA,NA,26
"14","4228","Female","IB",5,5,5,5,5,1,1,1,1,1,3,1,5,1,3,4,5,5,5,90
"15","4224","Female","IB",5,5,3,5,5,4,4,3,3,3,5,1,4,1,4,5,5,5,5,105
"16","4226","Female","IB",5,5,5,5,NA,1,1,5,1,1,1,1,1,1,5,4,5,5,5,89
"17","4225","Female","IB",5,2,5,5,NA,5,5,1,1,1,4,1,5,2,5,4,5,5,5,100
"18","4254","Female","IGCSE (British)",4,5,3,5,4,3,3,1,2,1,4,3,3,4,3,4,5,5,4,102
"19","4267","Female","IGCSE (British)",3,5,2,4,5,5,5,1,5,5,3,5,5,1,5,3,5,5,5,115
"20","4255","Female","IGCSE (British)",5,5,5,5,3,1,1,1,1,1,3,1,3,1,3,5,5,5,5,99
"21","4261","Female","IGCSE (British)",5,4,5,5,4,3,3,3,3,3,4,2,1,3,5,4,5,4,4,112
"22","4246","Male","IGCSE (British)",3,3,5,4,4,1,1,1,1,1,3,3,3,3,3,3,5,4,5,100
"23","4251","Female","IGCSE (British)",3,4,5,4,5,1,4,2,3,4,3,3,5,4,4,2,3,4,4,113
"24","4241","Male","IGCSE (British)",5,5,5,5,5,1,1,1,1,1,3,1,3,3,4,4,5,5,5,111
"25","4247","Male","IGCSE (British)",4,5,4,4,5,1,1,1,1,1,3,3,1,1,5,4,5,5,5,109
"26","4256","Female","IGCSE (British)",5,5,5,5,5,3,5,3,5,5,5,5,5,5,3,5,5,5,5,141
"27","4253","Female","IGCSE (British)",5,4,4,5,5,2,2,3,3,3,5,5,4,4,4,2,5,5,4,128
"28","4263","Female","IGCSE (British)",4,4,4,5,4,5,5,4,3,1,5,3,5,2,5,3,5,5,5,133
"29","4244","Male","IGCSE (British)",3,4,3,5,4,1,1,4,3,2,5,5,5,4,3,3,5,4,4,126
"30","4252","Female","IGCSE (British)",5,4,3,5,5,2,5,3,3,3,3,3,3,3,4,4,4,4,4,130
"31","4257","Female","IGCSE (British)",5,4,5,5,4,5,5,5,3,3,5,3,3,2,4,4,5,5,5,142
"32","4264F","Female","IGCSE (British)",3,3,3,5,2,1,1,1,1,1,3,1,3,1,5,4,5,5,5,117
"33","4259","Female","IGCSE (British)",5,5,5,5,5,4,4,3,3,4,4,4,5,2,5,4,5,5,5,148
"34","4242","Male","IGCSE (British)",2,2,5,5,4,3,1,1,3,3,5,4,5,5,3,3,4,3,4,133
"35","4265","Female","IGCSE (British)",3,2,3,2,3,3,4,5,3,3,3,4,2,4,3,2,4,3,4,130
"36","4282A","Male","IGCSE (British)",2,5,5,5,5,4,5,5,5,5,5,5,1,5,5,5,5,5,5,159
"37","4276","Male","IGCSE (British)",5,5,5,5,4,2,1,1,1,1,2,1,1,1,5,4,5,4,5,132
"38","4272","Female","IGCSE (British)",5,5,3,5,5,1,1,1,1,1,3,1,3,1,3,1,5,5,3,129
"39","4284","Female","IGCSE (British)",3,4,2,3,4,2,1,3,2,2,4,2,2,2,3,4,4,2,2,129
"40","4292F","Female","IGCSE (British)",3,5,5,5,5,3,3,2,1,1,4,1,5,5,5,4,5,4,4,150
"41","4280","Male","IGCSE (British)",4,5,5,5,5,4,4,5,5,5,5,5,5,5,3,5,5,5,5,172
"42","4294F","Female","IGCSE (British)",5,4,5,5,5,2,2,2,1,1,2,1,3,1,5,4,5,4,5,146
"43","4287","Female","IGCSE (British)",5,5,5,5,5,3,3,2,1,1,2,2,2,1,2,2,5,5,5,147
"44","4275","Male","IGCSE (British)",4,5,5,5,4,2,1,1,3,3,5,2,5,4,5,5,5,5,4,161
"45","4273","Male","IGCSE (British)",4,5,5,4,5,4,3,4,1,1,3,1,4,4,5,5,5,5,5,163
"46","4289","Female","IGCSE (British)",4,5,4,3,5,5,5,3,5,3,4,5,4,4,3,3,4,3,4,168
"47","4291F","Female","IGCSE (British)",4,5,5,5,5,5,4,2,2,2,5,1,5,4,4,3,5,5,4,169
"48","4277","Male","IGCSE (British)",3,NA,3,5,5,2,2,1,1,2,3,3,1,1,4,4,4,4,4,148
"49","4286","Female","IGCSE (British)",3,3,3,5,5,1,1,1,1,1,1,1,1,1,3,3,3,3,3,141
"50","4285","Female","IGCSE (British)",5,5,5,5,5,3,3,3,3,3,3,3,3,3,4,4,5,4,5,174
"51","4270","Male","IGCSE (British)",5,5,3,5,4,5,4,3,5,5,5,5,5,3,4,3,5,4,5,185
"52","4293F","Female","IGCSE (British)",3,5,5,5,5,5,3,1,1,2,3,3,5,5,5,3,3,5,5,176
"53","4243","Female","IGCSE (British)",3,5,3,5,5,3,1,1,3,1,5,1,5,3,3,3,3,5,5,169
"54","4271","Male","IGCSE (British)",5,5,5,5,3,2,2,5,1,1,4,1,3,4,4,4,5,5,5,177
"55","4264","Male","IGCSE (British)",4,5,5,5,5,2,2,2,2,2,3,1,4,4,3,2,4,4,5,174
"56","4268","Female","IGCSE (British)",3,3,5,3,3,1,5,1,1,1,5,3,3,5,3,1,3,5,5,171
"57","4258","Male","IGCSE (British)",5,3,5,5,5,5,5,5,5,5,5,5,5,5,5,3,3,4,5,202
"58","4249","Female","IGCSE (British)",5,5,4,5,5,3,3,4,3,3,5,1,3,3,5,4,4,5,5,191
"59","4240","Male","IGCSE (British)",3,1,1,3,1,5,3,3,3,3,5,1,5,5,3,3,3,1,3,173
"60","4260","Male","IGCSE (British)",5,5,4,4,4,2,2,2,1,1,3,1,4,3,4,3,5,5,5,183
"61","4269","Female","IGCSE (British)",4,4,3,5,4,4,4,3,3,3,5,5,5,5,4,3,4,4,5,199
"62","4248","Female","IGCSE (British)",5,5,4,5,5,4,2,3,1,1,3,2,3,2,5,4,5,5,4,192
"63","4290","Male","American Diploma",3,4,4,5,4,2,1,1,2,2,3,3,3,3,4,5,5,5,5,190
"64","4283","Male","American Diploma",3,2,2,5,3,2,3,1,1,2,3,4,1,1,2,3,4,5,4,179
"65","4288","Male","American Diploma",4,4,5,5,4,2,1,1,2,1,5,3,3,2,4,5,4,5,5,195
"66","4321","Female","IGCSE (British)",3,3,5,5,3,1,1,1,1,1,3,1,3,1,3,3,5,5,3,183
"67","4300","Female","IGCSE (British)",3,5,5,5,4,1,1,3,3,2,1,1,2,2,4,3,5,5,5,194
"68","4304","Male","IGCSE (British)",5,5,4,4,5,4,2,4,3,4,5,5,4,3,5,3,4,3,3,211
"69","4303","Female","IGCSE (British)",5,3,5,3,3,3,2,2,3,3,5,4,5,5,3,3,5,4,5,209
"70","4312","Male","National",3,3,3,4,4,4,4,2,5,3,2,3,3,2,2,1,4,3,3,198
"71","4322","Female","IGCSE (British)",4,3,5,4,5,4,2,1,1,2,5,4,4,3,3,4,3,4,3,206
"72","4313","Female","IGCSE (British)",3,2,4,5,2,1,2,2,2,2,3,1,2,3,4,3,3,4,2,194
"73","4315","Male","IGCSE (British)",5,5,5,5,5,3,5,1,1,1,5,1,2,3,5,5,5,5,5,218
"74","4319","Female","IGCSE (British)",4,5,5,4,5,5,3,4,5,4,5,2,5,5,4,3,4,4,4,228
"75","4318","Female","IGCSE (British)",3,NA,NA,NA,NA,NA,NA,NA,NA,NA,NA,NA,NA,NA,NA,NA,NA,NA,NA,153
"76","4296","Female","IGCSE (British)",3,3,1,5,3,3,5,3,5,3,5,1,5,1,3,3,3,5,3,215
"77","4308","Female","IGCSE (British)",5,5,4,5,5,3,3,2,3,5,5,5,5,3,3,3,3,4,3,228
"78","4036","Male","IGCSE (British)",3,3,3,4,2,1,3,2,3,3,2,2,3,2,3,4,2,4,3,208
"79","4307","Female","IGCSE (British)",5,5,4,4,5,3,3,3,3,3,3,1,3,2,4,4,5,5,5,228
"80","4301","Female","IGCSE (British)",5,5,3,5,5,5,4,3,2,2,5,1,5,5,5,5,5,5,5,240
"81","4294","Male","IGCSE (British)",3,5,2,4,3,5,5,1,5,5,5,5,5,5,3,2,3,3,5,236
"82","4299","Male","IGCSE (British)",4,3,4,5,4,5,5,3,5,4,5,4,4,4,4,4,5,5,5,246
"83","4309","Male","IGCSE (British)",5,5,5,5,5,1,3,5,1,1,5,1,1,4,5,5,5,5,5,238
"84","4302","Female","IGCSE (British)",4,5,4,5,4,4,4,5,2,2,3,3,5,4,5,4,5,2,2,240
"85","4278","Male","American Diploma",3,3,2,4,2,1,1,2,1,1,2,1,3,1,4,2,4,4,3,214
"86","4291","Male","American Diploma",3,4,4,3,3,4,2,1,1,3,5,1,1,3,4,2,5,5,5,231
"87","4282K","Male","American Diploma",4,5,3,3,4,5,3,4,3,5,5,5,5,3,3,2,3,4,5,248
"88","4293","Male","American Diploma",4,4,5,5,4,5,5,4,3,5,4,5,4,3,4,4,4,4,5,257
"89","4443","Male","IGCSE (British)",3,3,3,5,5,4,4,3,3,3,5,2,5,5,3,3,5,5,5,252
"90","4327","Male","IGCSE (British)",3,5,5,5,5,3,2,3,4,4,5,3,4,3,4,4,5,5,5,257
"91","4330","Male","IGCSE (British)",3,3,5,5,5,1,3,3,5,1,3,2,4,5,3,4,5,4,5,251
"92","4337","Male","IGCSE (British)",5,5,5,5,5,1,2,3,4,4,5,1,3,4,5,5,5,5,5,261
"93","4343","Female","IGCSE (British)",4,5,4,5,5,1,1,1,1,1,3,2,4,2,5,5,5,5,5,250
"94","4328","Male","IGCSE (British)",3,3,3,5,3,1,1,1,2,1,2,1,1,1,4,4,5,5,5,239
"95","4324","Male","IGCSE (British)",5,5,5,5,5,5,5,3,2,2,2,3,4,5,4,4,5,5,5,269
"96","4348","Female","IGCSE (British)",5,5,5,5,5,5,3,1,3,3,4,3,2,3,4,4,5,5,5,267
"97","4338","Female","IGCSE (British)",4,5,4,5,4,3,4,3,4,4,5,3,5,4,5,4,4,5,4,273
"98","4332","Male","IGCSE (British)",4,4,4,4,4,1,1,1,1,1,1,1,1,1,3,3,4,4,4,243
"99","4346","Female","IGCSE (British)",3,4,4,4,4,3,3,3,3,3,3,3,3,4,4,4,4,4,3,264
"100","4347","Female","IGCSE (British)",4,4,4,5,5,4,4,5,5,4,3,3,3,2,4,4,5,5,5,278
"101","4339","Female","IGCSE (British)",3,5,3,5,4,3,4,2,2,1,3,2,3,3,4,4,5,4,5,267
"102","4353","Male","IGCSE (British)",3,5,3,4,5,5,5,3,4,5,5,3,5,4,3,2,4,3,3,278
"103","4367","Female","IGCSE (British)",5,5,5,5,5,5,3,1,1,1,1,1,1,3,5,5,5,5,5,273
"104","4365","Female","IGCSE (British)",3,5,3,5,3,1,1,1,2,1,3,1,4,1,4,2,5,5,5,263
"105","4357","Male","IGCSE (British)",4,5,5,4,5,5,5,3,5,5,5,5,5,5,3,2,5,5,5,296
"106","4373","Female","IGCSE (British)",5,5,5,5,5,4,4,3,3,3,4,3,3,2,3,2,3,4,3,281
"107","4359","Male","IGCSE (British)",4,3,3,5,5,2,2,3,2,2,3,2,3,1,4,3,5,5,4,275
"108","4352","Male","IGCSE (British)",5,4,4,5,5,3,2,2,3,1,5,5,4,4,3,3,5,4,4,287
"109","4362","Male","IGCSE (British)",3,4,4,5,4,2,2,2,1,1,3,2,4,4,4,4,3,3,3,276
"110","4363","Female","IGCSE (British)",5,5,5,5,5,5,5,5,5,5,5,5,5,5,4,4,5,5,5,313
"111","4366","Female","IGCSE (British)",5,5,5,3,5,1,3,1,1,3,3,1,3,1,3,3,5,5,5,283
"112","4356","Male","IGCSE (British)",5,4,5,5,5,3,3,3,4,4,5,3,5,5,4,3,4,3,4,301
"113","4364","Female","IGCSE (British)",3,4,3,5,4,2,1,1,1,2,3,2,4,3,5,4,4,4,4,285
"114","4355","Male","IGCSE (British)",4,3,4,5,4,2,2,2,2,2,5,1,4,4,3,3,3,3,2,286
"115","4325","Male","IGCSE (British)",4,4,3,3,5,1,1,1,1,2,4,3,2,3,5,5,5,5,5,292
"116","4342","Female","IGCSE (British)",5,5,3,5,5,1,1,1,1,1,4,3,2,2,3,4,3,5,4,290
"117","4391","Male","IGCSE (British)",4,4,3,3,3,1,1,2,2,2,5,3,4,5,4,3,3,3,3,292
"118","4393","Female","IGCSE (British)",4,4,4,5,5,3,3,2,1,4,4,3,5,4,3,3,3,4,4,304
"119","4390","Male","IGCSE (British)",4,5,5,3,5,2,2,1,1,1,5,3,1,3,4,5,5,4,5,302
"120","4385","Male","IGCSE (British)",4,3,4,5,5,5,5,5,5,5,5,5,5,5,4,3,3,3,3,322
"121","4384","Female","IGCSE (British)",5,5,5,5,5,3,2,2,1,1,3,2,3,1,5,5,5,5,5,310
"122","4392","Female","IGCSE (British)",4,5,5,5,5,5,4,4,3,3,4,1,5,4,4,4,5,5,4,323
"123","4380","Female","IGCSE (British)",4,5,4,5,5,4,4,3,3,3,4,1,5,5,5,5,5,5,5,326
"124","4386","Male","IGCSE (British)",5,5,5,5,5,3,2,1,1,1,2,2,1,1,4,3,5,5,5,309
"125","4394","Female","IGCSE (British)",5,5,5,5,5,3,4,3,2,2,4,3,5,3,5,5,5,5,5,329
"126","4383","Male","IGCSE (British)",5,5,5,5,5,1,5,1,3,3,1,1,1,3,3,2,5,5,5,316
"127","4382","Female","IGCSE (British)",5,4,3,5,4,5,5,4,2,4,4,5,2,5,2,3,5,5,3,329
"128","4379","Female","IGCSE (British)",4,3,4,5,4,2,2,3,3,3,3,3,3,4,4,5,5,5,5,326
"129","4376","Male","IGCSE (British)",5,5,5,5,5,3,3,3,3,3,5,3,5,5,5,5,5,5,5,341
"130","4404","Female","IGCSE (British)",4,3,2,5,5,4,2,2,2,4,5,3,5,2,3,4,5,5,5,330
"131","4410","Female","IGCSE (British)",4,3,4,5,5,2,2,2,2,3,3,2,4,2,4,4,3,4,4,324
"132","4411","Female","IGCSE (British)",3,3,3,5,4,1,1,1,1,1,1,1,3,1,3,1,3,3,3,306
"133","4406","Male","IGCSE (British)",4,5,5,4,5,4,5,4,4,3,4,2,NA,4,4,4,3,5,5,340
"134","4400","Female","IGCSE (British)",4,4,4,5,3,3,1,1,1,1,2,5,4,4,3,3,4,4,5,329
"135","4396","Female","IGCSE (British)",4,5,5,5,5,2,2,1,1,1,2,3,3,2,4,4,5,4,5,333
"136","4407","Male","IGCSE (British)",5,5,4,5,5,2,2,1,2,1,3,3,5,5,5,4,4,5,5,343
"137","4399","Male","IGCSE (British)",3,4,4,5,5,4,4,2,2,3,2,2,4,4,4,3,5,5,4,343
"138","4413","Female","IGCSE (British)",2,3,4,4,5,1,1,1,1,2,3,1,5,2,4,4,5,4,4,332
"139","4401","Male","IGCSE (British)",4,5,4,5,5,2,3,2,1,4,5,4,5,1,4,4,5,5,5,351
"140","4397","Female","IGCSE (British)",5,5,5,5,4,2,1,1,1,1,2,2,5,2,4,3,5,5,4,342
"141","4416","Female","IGCSE (British)",5,5,5,5,5,2,1,1,1,1,2,1,3,2,4,4,5,4,4,342
"142","4429","Female","IGCSE (British)",4,5,4,5,5,3,3,2,1,2,3,2,1,1,4,4,5,4,4,346
"143","4442","Female","IGCSE (British)",5,5,5,5,5,3,3,3,1,1,5,1,5,1,5,3,5,5,5,357
"144","4428","Male","IGCSE (British)",3,4,4,5,4,4,4,4,4,4,5,4,5,4,4,3,3,3,3,362
"145","4424","Male","IGCSE (British)",5,4,5,5,5,3,4,3,2,3,4,1,3,2,3,5,5,5,5,362
"146","4433","Male","IGCSE (British)",5,5,5,5,5,1,1,1,1,1,5,3,4,1,4,5,5,4,5,358
"147","4283F","Female","IGCSE (British)",5,5,5,5,5,3,3,2,1,1,3,1,1,1,3,3,2,2,2,347
"148","4423","Male","IGCSE (British)",5,5,5,5,5,3,2,1,2,2,5,2,3,2,3,3,5,5,5,364
"149","4436","Female","IGCSE (British)",4,5,3,5,5,2,1,1,1,1,3,3,2,3,4,4,4,5,5,359
"150","4430","Female","IGCSE (British)",4,5,5,5,5,1,1,3,1,1,4,2,4,1,5,5,5,5,5,367
"151","4431","Female","IGCSE (British)",4,3,3,2,4,1,1,1,1,1,1,1,1,1,2,1,4,5,3,342
"152","4441","Female","IGCSE (British)",3,4,4,3,4,1,3,3,3,3,4,3,3,3,3,2,3,4,3,363
"153","4437","Female","IGCSE (British)",5,3,3,5,5,2,2,1,2,2,3,3,2,1,3,3,3,5,5,364
"154","4434","Female","IGCSE (British)",5,3,3,4,5,2,2,2,1,1,3,1,3,2,2,2,3,2,3,357
"155","4427","Female","IGCSE (British)",5,5,3,5,5,3,3,3,3,1,5,5,5,5,5,5,3,5,5,389
"156","4426","Female","IGCSE (British)",5,5,4,5,5,2,1,1,1,1,2,1,2,1,4,4,4,5,4,369
"157","4440","Male","IGCSE (British)",2,3,4,2,5,1,1,1,1,1,3,2,4,1,5,2,5,3,3,363
"158","4446","Male","IGCSE (British)",5,4,5,5,5,3,3,4,3,4,5,1,3,4,1,3,3,5,3,385
"159","4432","Female","IGCSE (British)",4,5,3,4,3,2,1,3,1,2,3,2,3,3,3,2,4,3,2,371
"160","4438","Female","IGCSE (British)",4,4,4,5,5,1,1,1,1,1,1,1,1,1,2,1,4,3,4,365
"161","4449","Female","American Diploma",5,3,5,5,5,2,2,2,4,4,2,2,4,5,5,5,5,5,5,397
"162","4435","Female","IB",3,2,5,4,3,2,1,3,2,1,3,2,3,1,4,3,2,3,3,374
"163","4448","Female","IB",4,5,5,5,3,2,1,2,3,3,3,1,3,1,4,3,5,5,5,389
"164","4455","Female","American Diploma",2,2,3,4,5,1,1,1,1,1,1,1,1,4,4,2,4,5,4,375
"165","4451","Female","American Diploma",5,5,5,5,5,2,1,3,1,1,3,2,3,5,5,5,5,5,5,401
"166","4447","Female","American Diploma",5,5,5,5,5,3,2,2,2,2,5,3,5,5,3,3,5,5,5,407
"167","4459","Female","American Diploma",4,4,3,5,5,1,1,1,1,1,2,4,3,3,5,5,5,5,5,397
"168","4457","Female","American Diploma",3,4,5,4,5,4,4,3,2,2,4,4,3,4,4,3,5,4,4,407
"169","4456","Female","American Diploma",4,4,4,5,4,2,3,2,2,2,3,2,3,3,4,4,4,5,3,401
"170","4454","Female","IB",5,1,3,3,3,1,3,3,1,1,4,1,1,3,3,5,3,5,3,392
"171","4458","Female","IB",4,5,3,5,3,4,3,2,2,2,5,1,5,4,5,4,5,5,5,414
"172","4460","Female","American Diploma",5,4,5,5,5,2,2,1,2,1,3,2,2,2,3,3,4,5,4,404
"173","4450","Female","American Diploma",3,4,3,5,5,3,3,3,2,2,3,4,4,4,4,4,4,4,4,414
"174","4453","Female","American Diploma",2,3,4,4,2,1,1,1,3,3,1,1,1,1,3,4,4,4,4,395
"175","4452","Female","IB",5,5,5,4,5,1,5,1,1,1,1,1,3,1,5,5,5,5,5,414
"176","4239","Male","American Diploma",3,3,5,5,5,3,1,1,1,2,4,2,5,3,5,5,4,4,4,417
"177","4408","Female","IGCSE (British)",3,4,3,5,3,2,2,1,1,1,1,1,2,2,3,4,5,4,4,405
"178","4490","Male","IGCSE (British)",4,3,5,4,3,4,1,3,1,1,5,2,4,5,5,5,5,5,5,426
"179","4465","Male","IGCSE (British)",4,5,3,5,4,3,3,2,1,3,5,4,5,5,4,3,5,5,4,431
"180","4467","Male","IGCSE (British)",5,5,5,5,5,5,5,5,5,5,5,5,5,5,5,5,5,5,5,455
"181","4472","Female","IGCSE (British)",1,1,1,5,3,3,1,1,1,1,3,1,5,1,3,5,4,3,1,406
"182","4507","Male","IGCSE (British)",5,5,5,5,5,2,2,2,2,3,4,3,5,3,5,5,5,5,5,440
"183","4518","Female","IGCSE (British)",2,2,2,4,3,1,1,1,1,1,2,2,1,2,4,3,5,4,4,411
"184","4503","Female","IGCSE (British)",5,3,5,3,5,3,1,3,3,1,3,1,3,5,5,5,5,3,3,433
"185","4479","Female","IGCSE (British)",5,5,5,5,5,5,5,3,5,5,5,3,5,5,3,3,5,5,5,457
"186","4524","Female","IGCSE (British)",3,5,5,5,3,1,1,1,1,1,3,2,1,1,5,3,5,5,3,426
"187","4485","Male","IGCSE (British)",5,5,4,5,3,5,5,5,4,5,5,4,5,5,3,5,5,4,5,461
"188","4476","Female","IGCSE (British)",4,5,5,5,5,3,1,2,2,5,5,2,5,1,4,5,5,5,5,450
"189","4483","Male","IGCSE (British)",4,4,5,4,4,3,4,4,5,5,5,4,5,4,4,3,5,5,5,460
"190","4510","Male","IGCSE (British)",4,5,3,4,4,3,3,4,1,1,3,1,3,1,4,3,4,4,3,438
"191","4482","Female","IGCSE (British)",5,5,5,5,5,5,5,5,5,5,5,5,5,5,5,5,5,5,5,477
"192","4520","Female","IGCSE (British)",3,3,NA,NA,NA,NA,NA,NA,NA,NA,NA,NA,NA,NA,NA,NA,NA,NA,NA,390
"193","4498","Female","IGCSE (British)",5,4,4,5,5,2,2,2,2,1,5,5,3,3,4,5,5,5,5,458
"194","4500","Female","IGCSE (British)",3,4,4,5,5,2,3,2,2,2,5,1,5,1,4,3,2,4,4,449
"195","4513","Female","IGCSE (British)",5,5,5,5,5,1,1,2,2,2,3,2,3,3,4,4,4,5,4,455
"196","4484","Male","IGCSE (British)",3,3,4,4,5,1,2,1,2,4,5,1,5,5,4,3,3,4,4,455
"197","4492","Female","IGCSE (British)",5,5,5,5,5,3,1,3,2,1,5,1,5,5,5,5,5,5,5,470
"198","4522","Female","IGCSE (British)",5,5,3,3,5,3,3,5,3,5,3,1,5,3,5,5,5,5,3,471
"199","4461","Male","IGCSE (British)",5,1,1,3,5,5,5,4,4,4,4,4,4,4,5,5,5,5,5,476
"200","4494","Female","IGCSE (British)",5,4,5,4,5,5,5,5,5,4,5,3,5,2,4,5,5,5,5,486
"201","4514","Female","IGCSE (British)",5,5,5,5,5,5,5,5,4,5,5,5,5,4,4,5,5,4,5,493
"202","4517","Female","IGCSE (British)",4,4,3,5,3,3,3,2,3,3,5,4,5,4,3,3,4,4,4,473
"203","4515","Female","IGCSE (British)",5,5,5,5,5,1,1,1,1,1,4,3,4,2,3,4,4,4,4,468
"204","4488","Male","IGCSE (British)",5,5,3,5,5,5,3,3,5,5,5,3,5,5,5,5,5,5,5,495
"205","4478","Female","IGCSE (British)",5,5,4,5,5,1,1,1,5,4,5,3,5,5,5,4,5,5,5,488
"206","4502","Female","IGCSE (British)",3,4,3,5,5,3,3,3,3,1,5,3,5,4,3,3,3,5,3,479
"207","4521","Male","IGCSE (British)",5,4,4,5,5,5,4,4,2,2,5,3,5,3,4,4,5,4,5,492
"208","4509","Male","IGCSE (British)",5,5,4,5,5,1,1,3,1,1,1,3,2,5,4,4,5,4,5,480
"209","4501","Female","IGCSE (British)",3,4,4,5,5,2,2,1,1,1,3,3,4,1,2,2,4,3,3,471
"210","4499","Female","IGCSE (British)",5,5,4,5,4,3,2,2,2,2,3,3,3,2,3,3,4,5,4,484
"211","4505","Male","IB",5,5,5,5,5,5,5,3,5,5,5,1,5,5,5,5,5,5,5,511
"212","4495","Female","IGCSE (British)",3,5,5,5,5,5,5,3,5,5,5,5,5,3,5,3,5,5,5,511
"213","4344","Female","American Diploma",3,5,5,5,4,2,1,1,1,1,4,1,1,5,5,5,5,5,5,490
"214","4292BM","Male","IGCSE (British)",3,5,4,3,5,2,2,2,1,1,1,1,1,1,3,3,3,4,3,476
"215","4279","Male","IGCSE (British)",5,5,5,5,5,4,4,2,2,2,5,4,4,4,4,4,5,5,5,509
"216","4341","Male","National",3,5,3,5,5,1,1,1,3,1,5,5,5,5,3,5,5,5,5,503
"217","4279","Female","IGCSE (British)",4,5,5,5,5,4,3,4,5,4,5,4,5,5,5,5,5,5,5,522
"218","4281","Female","IGCSE (British)",5,5,4,5,5,3,2,5,5,2,5,5,5,5,3,3,4,3,4,514
"219","4245","Female","IGCSE (British)",4,5,5,5,5,3,4,1,1,1,5,3,5,4,4,5,5,5,5,513
"220","4335","Female","IGCSE (British)",4,3,5,3,4,4,3,3,3,3,5,4,5,4,4,4,3,3,3,510
"221","4326","Male","IGCSE (British)",5,5,3,5,5,1,1,1,1,1,5,1,3,1,4,4,5,5,4,502
"222","4334","Male","IGCSE (British)",1,2,3,1,1,3,2,2,3,2,2,4,3,3,3,2,4,5,5,495
"223","4370","Male","IB",1,1,1,3,2,1,1,1,3,1,4,1,3,5,2,1,2,5,4,488
"224","4360","Male","American Diploma",1,3,3,5,3,1,1,1,3,3,5,5,5,3,1,3,5,5,5,509
"225","4345","Male","National",5,5,3,5,5,1,3,1,1,1,1,1,3,1,3,1,5,5,5,505
"226","4350","Male","IB",3,5,4,3,4,3,2,3,2,2,5,3,5,3,3,3,2,4,4,515
"227","4463","Male","IGCSE (British)",5,5,3,5,5,1,1,1,1,1,1,1,3,1,NA,5,5,5,5,508
"228","4562","Female","IGCSE (British)",4,4,4,4,4,4,3,1,3,4,4,4,4,4,4,4,4,4,4,527
"229","4563","Male","IGCSE (British)",5,5,3,5,5,5,5,5,5,5,5,5,5,5,5,5,5,5,5,551
"230","4564","Male","IGCSE (British)",4,5,5,4,4,4,4,4,2,2,3,1,2,1,4,5,5,5,5,529
"231","4537","Male","IGCSE (British)",3,3,5,5,5,5,5,3,1,1,3,1,1,3,3,5,5,3,3,525
"232","4558","Male","IGCSE (British)",5,3,4,5,5,4,5,3,1,1,3,1,2,3,3,5,5,5,4,531
"233","4550","Female","IGCSE (British)",5,5,4,5,5,3,3,2,1,2,4,4,5,4,4,3,5,5,5,540
"234","4573","Female","IGCSE (British)",1,3,3,3,5,5,5,5,5,5,5,5,5,5,1,1,3,1,3,537
"235","4536","Male","IGCSE (British)",3,4,3,5,4,1,1,1,1,1,1,1,1,1,3,3,4,4,4,516
"236","4571","Female","IGCSE (British)",3,3,5,5,5,5,5,3,5,5,5,5,3,5,3,3,5,5,5,555
"237","4571","Female","IGCSE (British)",1,2,2,4,4,2,1,1,2,2,3,2,3,3,2,3,3,2,3,519
"238","4566","Male","IGCSE (British)",4,4,5,5,5,2,1,2,2,1,2,2,3,1,3,3,4,5,5,535
"239","4546","Male","IGCSE (British)",3,4,5,5,4,1,3,1,1,1,4,1,4,2,4,4,4,4,5,538
"240","4554","Female","IGCSE (British)",5,5,5,5,5,1,1,1,1,1,5,5,3,5,5,5,5,5,5,553
"241","4535","Female","IGCSE (British)",5,5,5,5,5,3,2,3,2,3,3,2,3,1,5,3,3,5,3,548
"242","4553","Male","IGCSE (British)",4,5,5,4,5,1,3,1,2,1,3,1,2,2,5,3,5,5,4,545
"243","4540","Male","IGCSE (British)",3,5,5,5,3,1,1,1,1,1,1,1,1,1,5,5,5,5,5,541
"244","4358F","Female","IGCSE (British)",5,5,4,5,5,3,3,2,3,2,4,2,3,1,4,4,5,5,5,558
"245","4572","Female","IGCSE (British)",4,5,5,5,3,1,2,1,1,1,5,1,1,1,3,2,5,5,5,546
"246","4549","Female","IGCSE (British)",4,5,4,3,4,3,2,2,4,3,3,4,3,2,3,3,5,4,5,558
"247","4568","Male","IGCSE (British)",4,4,5,5,4,1,1,1,1,1,3,1,2,3,4,4,4,5,5,552
"248","4543","Male","IGCSE (British)",5,5,5,5,5,5,4,4,4,5,5,1,5,3,5,5,5,5,5,582
"249","4569","Female","IGCSE (British)",3,5,3,3,3,1,1,1,1,1,3,1,1,1,1,1,3,3,2,536
"250","4574","Male","IGCSE (British)",5,4,4,5,4,3,3,3,4,3,2,2,5,3,4,4,4,4,4,570
"251","4560","Male","IGCSE (British)",5,5,5,5,5,4,4,1,3,1,4,1,1,1,3,4,3,5,4,566
"252","4527","Male","IGCSE (British)",3,3,3,4,5,1,1,1,1,1,1,1,2,1,1,2,2,3,4,544
"253","4548","Male","IGCSE (British)",5,5,3,5,3,3,3,1,1,1,5,3,3,3,3,2,3,3,3,564
"254","4559","Male","IGCSE (British)",4,3,5,5,4,1,1,1,1,1,3,1,4,1,5,4,5,5,5,567
"255","4531","Male","IGCSE (British)",4,4,5,5,5,2,2,2,2,2,3,3,5,3,5,5,5,5,5,582
"256","4545","Male","IGCSE (British)",4,5,5,5,5,4,3,2,2,2,3,3,3,1,5,5,5,5,5,584
"257","4533","Male","IGCSE (British)",5,5,5,4,5,2,1,1,1,1,1,1,1,1,4,4,5,4,4,569
"258","4480","Female","IGCSE (British)",3,3,3,5,5,4,5,5,5,5,5,4,4,2,4,4,5,5,5,597
"259","4358","Male","American Diploma",5,5,5,5,5,3,1,1,1,1,5,3,5,1,5,5,5,5,5,589
"260","4381","Male","American Diploma",3,5,5,5,5,3,1,1,1,3,5,5,5,5,3,4,5,4,5,593
"261","4374","Male","National",4,3,2,5,5,3,2,1,1,1,5,4,5,5,2,2,3,4,2,581
"262","4317","Male","Other?",4,4,3,4,5,3,4,5,3,4,4,3,5,4,4,3,4,5,5,600
"263","4314","Male","Other?",3,5,5,5,5,3,5,2,1,2,3,1,3,1,5,5,3,5,3,591
"264","4305","Female","National",3,2,4,3,2,3,3,2,4,3,5,4,4,3,2,2,3,3,3,586
"265","4326F","Female","National",5,5,5,5,5,3,3,5,3,2,5,4,5,5,3,3,4,5,5,610
"266","4281","Male","National",4,4,3,5,3,3,3,4,5,5,5,4,4,4,3,3,4,4,4,606
"267","4316","Female","American Diploma",5,4,3,5,2,1,1,2,1,3,1,1,3,3,3,1,3,3,4,583
"268","4372","Male","National",4,5,4,5,4,3,3,2,3,4,3,3,4,4,4,4,5,5,5,610
"269","4292R","Male","IGCSE (British)",4,4,5,5,5,2,1,3,2,1,3,2,3,2,3,3,4,4,3,597
"270","4329","Female","National",4,2,3,4,5,3,1,3,1,1,2,2,4,1,2,1,3,4,3,589
"271","4375","Female","National",1,1,1,1,1,1,1,1,2,3,5,3,3,1,4,1,1,3,1,577
"272","4310","Female","National",3,2,1,2,2,4,1,1,2,2,5,2,4,3,3,2,4,4,5,596
"273","4353","Female","National",4,5,5,5,5,4,3,3,3,4,5,4,5,4,5,5,5,5,5,630
"274","4371","Male","National",5,5,5,5,5,1,1,1,1,1,1,1,3,1,5,4,5,5,5,608
"275","4648","Male","IGCSE (British)",1,1,2,2,5,5,5,3,2,4,4,1,3,2,4,5,3,3,4,609
"276","4632","Male","IGCSE (British)",1,2,3,2,4,3,5,3,2,1,4,5,4,2,3,4,2,4,3,609
"277","4664","Female","IGCSE (British)",3,5,3,5,5,3,5,5,1,3,5,1,5,5,3,5,5,5,5,631
"278","4636","Male","IGCSE (British)",4,4,5,5,5,1,1,1,2,3,4,2,1,3,3,2,4,4,3,613
"279","4668","Male","IGCSE (British)",5,3,5,5,5,2,2,2,1,1,3,1,4,3,4,3,5,5,5,622
"280","4295","Male","IGCSE (British)",3,5,5,5,5,3,1,1,1,2,4,1,1,3,5,5,5,5,5,625
"281","4639","Female","IGCSE (British)",5,5,5,5,5,3,5,4,4,4,5,3,5,3,4,3,5,4,5,644
"282","4631","Male","IGCSE (British)",5,4,5,5,5,1,1,1,1,1,2,1,2,1,4,4,5,4,4,620
"283","4650","Female","IGCSE (British)",5,5,5,5,5,5,5,3,5,5,5,1,5,3,4,4,5,5,3,649
"284","4635","Female","IGCSE (British)",4,5,4,5,4,4,4,2,2,3,5,2,4,3,2,2,3,3,3,632
"285","4643","Male","IGCSE (British)",4,5,3,5,5,3,3,3,4,4,5,1,4,4,2,3,5,5,5,643
"286","4659","Female","IGCSE (British)",4,4,3,4,5,3,3,2,2,2,1,2,2,2,4,3,4,5,4,631
"287","4642","Female","IGCSE (British)",5,5,5,5,4,2,1,1,1,2,2,1,3,1,4,4,5,5,5,635
"288","4665","Male","IGCSE (British)",2,3,5,2,5,1,1,1,3,2,4,1,5,1,4,1,5,4,5,631
"289","4657","Female","IGCSE (British)",3,3,3,5,5,3,1,1,1,1,1,1,1,1,3,3,3,3,3,623
"290","4677","Male","IGCSE (British)",2,3,1,5,5,1,1,3,1,1,1,1,4,1,3,2,3,4,3,625
"291","4673","Male","IGCSE (British)",3,4,3,5,5,3,4,2,2,3,5,4,5,5,4,3,4,5,4,655
"292","4672","Female","IGCSE (British)",3,4,4,5,5,3,3,3,3,2,3,1,3,2,3,3,4,4,4,646
"293","4660","Female","IGCSE (British)",5,5,5,5,5,5,5,5,5,5,5,5,5,5,4,4,5,4,4,677
"294","4678","Female","IGCSE (British)",4,3,4,4,5,1,1,1,1,1,1,1,3,1,4,3,5,5,5,641
"295","4676","Female","IGCSE (British)",4,3,5,4,5,1,2,1,1,1,1,1,1,2,4,3,5,4,5,643
"296","4666","Female","IGCSE (British)",4,3,4,4,5,1,2,1,1,1,1,1,2,1,4,3,5,5,5,645
"297","4646","Female","IGCSE (British)",4,4,5,4,5,3,3,2,2,3,5,1,5,4,4,2,3,5,4,662
"298","4611","Male","IGCSE (British)",3,2,4,5,4,4,4,3,1,1,2,1,1,1,4,4,4,4,4,652
"299","4602","Female","IGCSE (British)",5,5,5,5,5,4,4,1,1,1,3,1,1,1,4,4,4,4,4,660
"300","4626","Male","IGCSE (British)",4,5,5,5,5,3,2,2,2,2,4,3,3,1,5,4,4,5,4,668
"301","4589","Female","IGCSE (British)",4,4,4,5,4,3,3,4,3,3,5,5,4,3,3,3,4,4,5,675
"302","4586","Female","IGCSE (British)",5,5,5,4,5,3,2,1,2,2,3,1,1,1,4,4,5,5,5,667
"303","4581","Female","IGCSE (British)",5,5,4,5,5,3,3,2,1,1,1,1,1,1,3,3,5,5,3,663
"304","4591","Female","IGCSE (British)",2,4,5,5,5,1,1,1,1,3,5,3,5,5,2,1,2,2,2,663
"305","4627","Female","IGCSE (British)",5,5,5,5,5,2,1,2,1,1,3,1,2,1,3,2,5,5,5,669
"306","4623","Male","IGCSE (British)",5,5,3,5,5,3,3,5,5,5,5,3,5,3,3,3,4,3,3,688
"307","4601","Female","IGCSE (British)",3,3,2,5,4,1,1,1,1,1,3,1,1,1,3,3,5,5,5,663
"308","4600","Female","IGCSE (British)",3,4,2,5,4,1,1,1,1,1,3,3,3,1,4,2,4,4,4,667
"309","4608","Female","IGCSE (British)",4,5,5,5,4,1,1,1,1,1,3,1,4,1,5,5,5,5,5,680
"310","4599","Male","IGCSE (British)",4,5,4,5,5,4,4,3,3,2,4,4,5,2,3,3,4,5,5,694
"311","4610","Female","IB",5,5,5,5,5,1,5,1,3,1,3,1,1,1,3,2,5,5,5,684
"312","4609","Male","IGCSE (British)",3,4,4,5,3,5,5,5,5,5,5,5,5,5,4,4,5,4,5,710
"313","4607","Female","IGCSE (British)",4,5,5,5,5,4,4,3,3,4,3,1,4,1,4,4,5,5,5,700
"314","4578","Female","IGCSE (British)",5,5,5,5,5,5,3,3,1,1,3,1,3,2,3,2,4,5,5,694
"315","4588","Male","IGCSE (British)",4,4,4,4,4,2,4,1,1,3,2,2,3,1,4,3,4,5,5,690
"316","4617","Female","IGCSE (British)",3,4,5,4,4,2,3,2,2,1,2,2,4,2,2,2,3,3,3,685
"317","4613","Female","IGCSE (British)",1,3,2,5,3,5,2,1,1,1,5,3,5,5,1,3,3,3,2,688
"318","4583","Female","IGCSE (British)",3,3,3,5,5,1,1,1,1,1,2,1,3,1,2,2,3,3,4,681
"319","4585","Male","IGCSE (British)",5,5,5,5,5,3,2,2,1,1,3,2,2,1,5,4,5,5,5,704
"320","4616","Male","IGCSE (British)",4,4,4,4,5,1,1,1,1,1,4,1,5,1,3,4,3,4,5,696
"321","4595","Male","IGCSE (British)",4,3,4,4,4,4,2,2,2,3,3,4,4,5,4,3,4,4,3,708
"322","4619","Male","IGCSE (British)",5,5,4,5,5,1,2,2,1,1,3,1,4,1,4,5,5,5,5,708
"323","4579","Male","IGCSE (British)",5,5,5,5,5,1,1,1,1,1,3,2,5,2,4,4,5,5,5,711
"324","4620","Female","Other?",4,4,3,5,5,2,3,3,1,2,5,5,5,2,3,3,4,4,4,715
"325","4592","Male","Other?",4,5,5,5,5,5,5,2,3,2,5,5,5,5,5,4,5,5,5,735
"326","4598","Female","IGCSE (British)",3,4,4,5,5,3,2,3,2,2,5,3,5,4,4,4,5,5,5,725
"327","4663","Female","IGCSE (British)",5,3,3,5,5,3,2,1,1,1,3,2,3,2,3,2,3,4,3,708
"328","4670","Female","IGCSE (British)",4,2,3,5,5,3,3,4,2,2,4,2,5,4,3,3,3,3,3,719
"329","4652","Male","IGCSE (British)",5,5,4,5,5,2,2,1,1,1,2,1,3,2,4,4,4,5,5,719
"330","4419","Male","IGCSE (British)",5,5,5,5,5,1,1,1,1,1,5,1,5,5,5,3,5,5,5,729
"331","4653","Male","IGCSE (British)",3,5,3,5,5,3,3,3,3,3,5,1,5,3,5,5,5,3,3,733
"332","4669","Male","IGCSE (British)",5,4,4,5,5,3,2,2,1,1,3,2,3,4,4,3,5,4,4,728
"333","4389","Female","IGCSE (British)",3,3,4,4,5,4,5,5,3,3,1,1,4,2,3,2,4,4,2,728
"334","4667","Female","IGCSE (British)",5,5,5,5,5,3,2,2,1,2,3,2,2,2,5,3,5,5,5,735
"335","4541","Male","IGCSE (British)",3,5,3,5,5,1,3,1,3,2,3,1,5,2,3,4,5,5,5,734
"336","4686","Male","IGCSE (British)",5,5,5,5,5,1,1,1,1,1,1,1,1,1,5,5,5,5,5,731
"337","4542","Female","IGCSE (British)",3,4,4,5,5,5,4,5,5,4,5,4,4,4,3,4,4,5,5,756
"338","4645","Male","IGCSE (British)",5,4,5,5,5,5,3,2,3,3,4,3,4,5,4,4,5,4,5,754
"339","4656","Female","IGCSE (British)",5,4,4,5,5,3,3,2,1,1,2,1,2,1,3,2,4,3,5,734
"340","4395","Male","IGCSE (British)",5,5,4,5,5,5,5,5,5,5,5,5,4,3,5,5,5,5,5,771
"341","4681","Male","IGCSE (British)",4,3,3,5,5,5,5,5,4,3,5,5,4,3,3,1,1,3,1,750
"342","4414","Female","IGCSE (British)",5,5,4,5,5,3,2,2,1,2,3,2,3,2,3,2,3,2,3,741
"343","4508","Male","IGCSE (British)",5,3,3,2,5,4,2,2,2,4,2,2,4,2,5,4,5,4,5,751
"344","4464","Male","IGCSE (British)",5,4,3,3,4,4,3,5,3,4,5,3,5,4,2,2,3,4,5,759
"345","4683","Male","IGCSE (British)",5,5,5,5,5,1,5,1,1,1,1,1,1,1,5,5,5,5,5,753
"346","4539","Female","IGCSE (British)",5,5,5,5,5,2,2,1,1,1,4,1,4,3,5,3,5,4,5,758
"347","4653","Female","IGCSE (British)",3,3,3,4,4,4,4,3,2,3,2,1,1,2,1,1,4,3,3,745
"348","4657","Female","IGCSE (British)",4,4,3,5,5,2,2,1,2,3,4,3,1,1,4,2,4,5,4,755
"349","4506","Female","IGCSE (British)",5,5,4,5,5,4,3,1,1,1,3,2,3,2,4,3,3,3,3,758
"350","4668","Male","IGCSE (British)",4,3,4,5,4,5,3,2,2,3,5,5,5,1,3,3,4,4,5,770
"351","4684","Female","IGCSE (British)",4,5,3,5,3,4,2,1,1,3,4,3,5,2,2,4,4,5,5,767
"352","4637","Female","IGCSE (British)",3,4,4,5,5,3,3,1,1,3,2,2,1,1,2,2,3,4,3,756
"353","4311","Male","IGCSE (British)",5,5,5,5,5,3,3,3,1,1,5,3,5,5,5,5,5,3,5,783
"354","4297","Male","Other?",3,3,4,5,5,3,3,2,2,2,5,3,5,5,4,3,3,4,4,776
"355","4707","Female","American Diploma",5,5,4,5,2,1,1,1,1,1,2,1,2,2,4,3,5,5,3,763
"356","4698","Female","American Diploma",4,5,5,4,5,5,3,5,3,2,4,4,5,4,5,5,5,5,5,795
"357","4703","Female","American Diploma",4,1,3,5,5,1,2,1,1,1,3,1,1,1,2,1,5,5,5,762
"358","4712","Female","American Diploma",5,5,5,5,5,3,3,1,1,1,1,1,1,1,3,3,5,3,5,773
"359","4702","Female","American Diploma",3,2,3,4,4,4,3,3,4,3,4,3,4,4,2,1,3,3,3,778
"360","4691","Female","American Diploma",3,5,3,4,4,4,3,5,5,2,4,1,5,4,5,4,5,5,5,796
"361","4693","Female","American Diploma",5,3,3,5,5,2,1,2,2,1,3,1,2,3,5,4,4,4,5,782
"362","4704","Female","American Diploma",3,4,4,4,5,5,5,4,4,5,5,4,5,5,5,4,5,3,5,808
"363","4736","Female","American Diploma",3,5,3,5,5,1,3,1,1,4,5,3,5,5,3,3,5,3,5,794
"364","4771","Female","American Diploma",5,5,5,5,5,1,3,1,1,1,1,1,3,5,3,5,5,5,5,793
"365","4697","Female","American Diploma",2,2,3,4,5,3,3,1,1,1,4,2,4,1,3,2,5,2,5,783
"366","4717","Female","American Diploma",5,5,5,5,5,1,1,1,1,1,1,1,1,1,4,4,5,5,5,789
"367","4723","Female","American Diploma",5,5,5,5,5,3,3,3,2,2,3,2,3,2,4,4,5,5,5,805
"368","4726","Female","American Diploma",4,2,1,3,2,5,4,4,5,4,5,4,4,4,3,1,4,3,4,802
"369","4714","Female","American Diploma",4,5,5,4,5,2,2,2,2,2,3,3,3,2,4,3,4,4,4,801
"370","4716","Female","American Diploma",5,5,5,5,5,5,5,3,3,3,5,5,3,3,3,3,5,5,5,821
"371","4718","Female","American Diploma",5,3,3,5,5,1,1,1,1,1,3,1,3,1,3,3,3,5,5,795
"372","4730","Female","American Diploma",4,5,5,5,5,3,4,4,1,1,3,3,4,4,5,5,5,5,5,820
"373","4725","Female","American Diploma",5,5,4,5,5,1,1,1,1,1,3,1,4,1,5,4,5,5,5,808
"374","4720","Female","American Diploma",5,5,5,5,5,2,1,3,1,1,4,3,5,3,5,3,5,5,5,819
"375","4728","Female","American Diploma",5,4,5,5,4,3,3,3,1,2,4,3,3,2,4,5,5,5,5,821
"376","4606","Female","American Diploma",4,3,5,5,5,4,4,4,4,4,5,5,5,5,4,5,5,5,5,838
"377","4733","Female","American Diploma",3,3,4,5,4,1,1,3,1,1,3,1,1,1,3,3,5,5,5,807
"378","4731","Female","American Diploma",5,5,5,3,5,1,1,1,1,1,1,1,1,1,5,5,5,5,5,813
"379","4727","Female","IB",5,5,4,5,5,4,4,4,4,5,5,4,4,4,5,4,4,4,4,841
"380","4729","Female","American Diploma",3,3,4,5,5,2,2,1,1,2,5,1,4,5,5,5,5,5,5,828
"381","4722","Female","IB",5,5,5,1,5,4,5,5,5,5,5,4,5,3,5,5,5,5,5,849
"382","4753","Male","American Diploma",5,4,5,5,5,3,3,3,4,4,5,4,5,4,4,5,5,5,5,847
"383","4604","Male","American Diploma",3,3,3,3,3,3,3,3,3,3,3,5,5,5,3,2,3,2,3,827
"384","4737","Male","American Diploma",4,3,5,3,4,3,3,1,3,2,4,3,2,3,4,2,3,4,4,828
"385","4746","Male","American Diploma",5,3,5,5,5,5,1,1,1,1,5,5,3,5,3,5,5,5,5,843
"386","4763","Male","American Diploma",4,4,3,5,3,4,5,5,5,5,5,5,5,5,5,5,5,5,5,860
"387","4759","Male","American Diploma",5,5,5,5,4,3,3,4,2,3,4,3,3,4,4,4,5,5,4,849
"388","4766","Male","American Diploma",5,4,4,5,4,4,2,3,1,2,4,2,3,2,4,4,5,5,5,844
"389","4768","Male","American Diploma",3,3,5,5,5,1,1,1,1,1,1,5,5,2,5,5,5,5,5,842
"390","4762","Male","American Diploma",3,3,5,5,5,5,3,3,3,1,5,3,3,3,3,5,5,3,5,851
"391","4764","Male","American Diploma",4,4,4,5,4,5,5,5,5,5,5,5,5,5,4,4,4,4,4,868
"392","4758","Male","IB",4,3,5,5,5,1,1,2,1,1,5,1,4,5,3,4,5,5,5,849
"393","4769","Male","American Diploma",5,5,5,5,5,3,5,5,5,5,5,3,3,3,5,5,5,5,5,873
"394","4754","Male","American Diploma",5,5,5,4,5,5,3,5,1,1,5,5,5,5,4,5,5,5,5,871
"395","4761","Male","American Diploma",4,5,5,5,5,3,1,1,3,2,5,3,1,2,4,5,5,5,5,859
"396","4756","Male","American Diploma",5,3,5,5,4,3,2,1,2,3,4,3,3,1,3,3,5,5,5,857
"397","4755","Male","American Diploma",5,3,4,5,5,1,2,2,3,1,5,2,5,5,2,1,5,5,3,858
"398","4710","Female","American Diploma",5,5,5,5,5,5,5,5,5,5,5,5,5,5,5,5,5,5,5,891
"399","4746","Male","National",1,5,5,5,3,3,3,4,3,3,4,4,4,3,4,4,4,4,4,868
"400","4739","Male","National",3,5,5,3,5,3,3,3,3,3,3,3,3,3,3,1,3,3,3,861
"401","4754","Male","Other?",1,2,NA,NA,NA,NA,NA,NA,NA,NA,NA,NA,NA,NA,NA,NA,NA,NA,NA,805
"402","4755","Male","National",3,5,1,3,1,5,3,3,5,1,3,5,1,3,3,5,1,3,5,863
"403","4742","Male","National",5,5,1,4,5,1,3,5,3,1,3,5,3,1,1,3,5,3,1,864
"404","4750","Male","National",1,1,1,3,1,1,5,3,3,3,5,1,3,4,5,5,3,4,3,863
"405","4754","Male","National",3,3,4,4,4,3,3,5,4,2,4,3,3,3,3,2,3,3,3,872
"406","4748","Male","National",5,5,4,5,5,5,5,5,5,5,5,5,5,5,5,5,5,5,4,905
"407","4753","Male","National",5,5,5,5,5,5,5,5,5,5,5,5,5,5,NA,NA,NA,NA,5,889
"408","4743","Female","National",5,3,1,3,4,5,4,3,4,5,5,3,2,3,3,2,5,1,5,882
"409","4760","Female","National",5,4,4,5,5,5,4,4,5,5,5,5,5,5,3,4,5,5,5,906
"410","4760","Female","National",4,5,5,5,5,4,5,4,5,4,5,3,5,5,4,5,5,4,4,906
"411","4767","Male","IB",2,1,3,4,3,1,1,1,1,1,3,3,3,2,4,3,2,3,3,866
"412","4778","Female","IB",5,5,5,5,5,5,4,5,5,5,5,5,5,5,5,4,5,5,5,917
"413","4777","Male","IB",5,5,3,5,5,1,1,1,2,2,1,1,1,2,5,5,5,5,5,886
"414","4763","Female","IB",4,3,5,5,4,2,1,1,1,1,2,1,3,4,3,3,4,3,2,880
"415","4768","Male","IB",4,5,4,5,5,3,3,3,2,2,4,3,4,3,4,3,5,5,5,902
"416","4773","Male","IB",5,5,5,5,5,4,5,5,5,5,5,3,5,3,4,4,5,5,5,920
"417","4765","Female","IB",5,5,5,5,5,5,5,5,5,5,5,5,5,5,5,5,5,5,5,929
"418","4763","Female","IB",3,5,3,4,3,3,2,2,2,4,4,5,5,3,2,2,3,2,3,896
"419","4770","Female","IB",5,4,5,5,5,3,2,2,1,3,2,1,2,3,5,5,4,5,4,904
"420","4775","Female","IB",5,5,5,5,5,3,1,1,1,1,3,3,1,1,4,3,5,5,4,901
"421","4769","Male","IB",5,5,4,5,5,5,5,3,4,3,5,1,4,4,4,4,5,4,4,921
"422","4771","Female","IB",5,4,5,5,5,5,5,5,5,5,4,1,5,5,2,1,3,3,2,919
"423","4740","Male","National",5,5,5,5,5,5,5,3,3,3,5,5,5,5,3,3,3,3,5,927
"424","4824","Male","IB",2,3,5,5,4,2,3,3,NA,2,4,4,3,4,4,3,5,5,5,914
"425","4816","Male","IB",4,4,4,4,4,4,4,5,5,5,5,5,5,5,3,3,3,3,3,928
"426","4820","Male","IB",5,5,3,4,3,2,5,3,2,2,3,2,2,3,3,3,4,4,5,915
"427","4817","Male","IB",5,5,5,5,5,1,1,1,1,1,1,1,1,1,5,5,5,5,5,913
"428","4824","Male","IB",4,5,5,5,3,5,5,4,3,3,5,5,5,5,4,4,4,5,4,939
"429","4815","Male","IB",5,5,5,5,5,3,2,4,4,4,5,4,5,5,5,5,5,5,5,944
"430","4825","Male","IB",5,5,5,5,5,1,1,1,1,1,4,1,5,3,4,4,4,4,4,923
"431","4819","Male","IB",5,5,4,5,5,4,3,3,4,3,5,2,5,5,5,5,4,5,5,944
"432","4822","Female","IB",5,5,5,5,5,3,3,1,1,3,4,3,3,3,4,4,5,4,5,935
"433","4821","Female","IB",5,5,5,5,4,5,4,4,5,4,4,4,4,4,4,3,4,5,5,949
"434","4818","Male","IB",5,5,5,5,5,3,3,2,4,5,5,1,4,2,4,4,5,5,5,945
"435","4781","Male","IB",3,3,4,4,3,1,1,1,1,1,2,2,1,1,4,3,5,4,5,919
"436","4789","Male","IB",5,5,5,5,5,4,1,3,3,3,5,1,5,3,4,4,5,5,4,947
"437","4782","Female","IB",4,4,3,3,5,3,3,2,3,3,3,1,3,3,4,3,5,5,4,938
"438","4786","Male","IB",5,4,3,5,5,4,4,2,3,3,3,3,4,3,3,2,3,4,4,943
"439","4783","Male","IB",4,3,3,2,3,1,4,1,1,1,5,2,4,5,4,2,5,5,5,938
"440","4787","Female","IB",3,3,3,5,4,2,2,1,1,1,3,2,3,2,2,2,3,3,3,928
"441","4785","Male","IB",5,5,5,5,5,1,1,1,1,1,5,1,1,1,3,3,5,5,5,941
"442","4780","Female","IB",3,4,3,5,4,1,2,1,1,1,2,1,2,1,3,3,4,4,5,934
"443","4788","Male","IB",5,5,5,5,5,1,1,1,1,1,1,5,1,1,5,5,5,5,4,948
"444","4784","Male","IB",3,4,2,5,5,2,1,1,1,1,3,2,4,2,2,1,4,5,4,940
"445","4779","Male","IB",5,5,4,5,5,2,3,5,1,2,1,3,5,1,5,5,4,5,3,959
"446","4756","Male","National",1,5,1,2,5,1,5,5,3,1,5,5,5,1,1,3,5,1,1,948
"447","4795","Male","IB",4,3,2,3,4,1,1,2,1,1,4,4,4,1,3,2,4,4,4,946
"448","4805","Male","IB",3,3,3,4,3,1,1,1,1,1,4,2,1,1,2,2,1,3,2,935
"449","4799","Male","IB",2,3,3,4,2,5,4,2,3,3,3,4,2,3,1,5,2,2,3,954
"450","4796","Female","IB",4,5,5,5,5,4,5,3,3,3,4,3,4,3,3,4,4,4,3,974
"451","4791","Male","IB",NA,NA,NA,NA,NA,NA,NA,NA,NA,NA,NA,NA,NA,NA,NA,NA,NA,NA,NA,902
"452","4808","Male","IB",3,4,4,4,3,3,2,1,2,2,3,1,2,2,3,3,2,3,3,954
"453","4806","Male","IB",4,3,4,4,4,2,3,1,1,1,3,1,1,1,3,2,4,3,3,954
"454","4793","Female","IB",3,3,5,4,5,5,1,1,3,2,4,4,1,1,1,1,5,5,3,965
"455","4809","Male","IB",4,5,3,5,3,1,1,1,1,1,3,2,4,2,3,4,4,3,3,963
"456","4807","Male","IB",4,4,5,4,5,4,5,4,4,4,5,4,4,4,4,5,4,4,5,994
"457","4800","Male","IB",4,5,5,5,5,1,1,1,1,1,3,4,5,5,4,4,4,5,5,982
"458","4812","Female","IB",3,4,3,4,4,3,3,2,2,2,3,3,3,3,3,3,3,4,3,974
"459","4810","Female","IB",3,5,4,5,4,5,4,1,2,3,4,3,5,3,4,3,5,4,5,990
"460","4803","Female","IB",3,3,3,3,3,3,2,2,2,2,2,2,2,2,2,1,3,3,3,966
"461","4802","Female","IB",5,3,2,5,2,1,1,1,1,1,1,1,1,1,3,4,2,3,3,963
"462","4813","Male","IB",3,2,4,5,5,3,5,3,2,2,3,4,5,1,4,3,5,5,5,993
"463","4801","Female","IB",5,5,5,5,5,2,1,1,1,1,4,1,4,1,3,2,4,5,4,985
"464","4836","Male","IB",5,4,3,5,5,2,2,2,2,2,4,2,1,2,5,5,4,5,4,992
"465","4832","Female","IB",5,5,3,5,5,5,5,5,5,5,5,5,5,5,3,4,3,4,4,1016
"466","4838","Male","IB",3,2,4,4,4,2,1,2,2,2,5,1,2,2,3,2,3,3,3,982
"467","4833","Male","IB",3,5,3,5,5,3,3,3,1,1,5,1,5,3,3,3,3,3,3,995
"468","4828","Male","IB",3,3,3,4,5,3,3,1,1,1,3,1,2,3,3,3,3,3,3,987
"469","4831","Female","IB",5,4,4,5,5,2,1,1,1,1,1,1,1,1,5,4,5,5,5,995
"470","4834","Male","IB",4,5,3,4,4,3,2,3,3,3,3,1,4,3,3,3,4,5,5,1005
"471","4835","Female","IB",3,3,2,4,4,2,2,2,2,1,2,1,2,1,3,3,4,4,4,991
"472","4826","Male","IB",5,5,5,5,5,1,3,1,1,1,3,1,5,1,4,4,5,5,5,1009
"473","4827","Male","IB",3,2,2,5,4,3,2,2,2,3,4,3,4,2,2,2,4,3,3,1001
"474","4829","Female","IB",3,5,4,5,5,1,1,1,1,1,1,1,1,1,4,3,5,5,4,1000
"475","4837","Male","IB",3,3,3,4,3,2,1,3,4,4,3,1,4,3,4,3,5,5,5,1013
"476","4830","Male","IB",2,2,2,1,1,2,3,3,4,4,1,2,2,2,2,2,2,2,3,994
"477","4846","Male","IB",4,3,4,5,5,1,1,1,1,1,4,1,3,2,5,5,5,5,5,1015
"478","4847","Male","IB",3,4,5,4,5,5,5,3,5,5,5,5,5,3,5,4,5,5,5,1042
"479","4855","Male","IB",3,5,1,5,4,1,4,3,1,1,1,1,1,1,4,3,4,5,3,1009
"480","4850","Male","IB",2,3,2,4,5,2,1,2,2,1,3,2,4,3,2,2,3,3,3,1009
"481","4581","Male","IB",5,4,3,2,2,1,1,1,1,1,1,1,1,1,3,4,4,5,4,1007
"482","4849","Male","IB",3,5,3,5,5,3,4,2,1,1,3,3,4,3,3,2,5,5,5,1029
"483","4845","Female","IB",4,4,4,4,5,3,2,2,3,3,5,2,5,5,4,4,3,5,5,1038
"484","4848","Female","IB",4,5,4,5,5,4,4,4,4,5,5,3,5,5,5,5,5,5,5,1055
"485","4839","Female","IB",2,1,3,4,2,3,4,2,1,3,5,3,4,5,2,3,4,3,2,1026
"486","4857","Female","IB",5,4,5,5,5,3,5,3,3,3,4,3,4,1,4,4,5,5,4,1047
"487","4856","Male","IB",2,3,4,3,2,3,3,2,1,1,3,2,2,4,3,2,4,3,3,1024
"488","4842","Male","IB",5,3,5,5,5,1,1,1,1,4,3,3,5,1,5,3,4,5,4,1040
"489","4852","Female","IB",3,5,4,3,1,1,1,1,1,1,3,1,5,4,2,3,3,2,3,1025
"490","4752","Male","Other?",5,5,5,5,3,5,3,5,3,3,5,3,5,3,3,3,2,3,3,1052
"491","4859","Male","IB",3,2,1,5,2,1,1,1,1,1,5,1,1,1,5,5,5,5,5,1033
"492","4871","Female","IB",4,5,3,5,5,5,5,5,5,5,5,5,5,4,4,2,4,5,5,1070
"493","4873","Male","IB",5,5,3,3,5,1,1,1,1,1,1,1,2,3,3,1,3,5,2,1033
"494","4858","Male","IB",5,3,3,5,5,4,5,1,3,1,5,3,5,4,3,4,5,NA,5,1057
"495","4874","Male","IB",4,5,5,3,3,3,2,3,2,3,4,1,4,2,4,4,4,4,3,1053
"496","4863","Female","IB",4,5,5,4,4,1,1,1,1,1,1,1,1,1,4,3,4,5,5,1044
"497","4864","Female","IB",3,5,5,5,5,1,1,1,1,1,1,1,1,1,3,3,5,5,5,1047
"498","4860","Male","IB",4,5,4,4,5,3,3,3,2,2,3,2,4,4,4,3,5,4,4,1064
"499","4866","Male","IB",3,4,4,5,5,3,1,2,1,1,3,1,1,2,3,4,4,3,4,1052
"500","4869","Male","IB",5,3,5,5,4,2,1,1,2,3,3,1,1,3,4,4,5,5,5,1062
"501","4862","Female","IB",3,3,5,5,4,1,1,1,1,1,1,1,2,1,4,5,5,5,5,1056
"502","4870","Male","IB",4,4,3,5,3,5,4,3,4,4,5,2,1,5,3,4,5,4,3,1075
"503","4868","Female","IB",5,5,5,5,5,1,1,1,1,1,3,1,2,1,4,3,4,4,5,1063
"504","4861","Female","IB",4,5,4,5,5,2,2,2,2,2,4,3,4,4,3,3,4,3,3,1072
"505","4892","Male","IGCSE (British)",3,5,3,5,5,1,1,1,1,5,3,1,4,1,3,2,4,5,5,1068
"506","4891","Male","IGCSE (British)",5,3,4,3,5,4,2,1,1,3,4,2,3,1,3,4,5,4,4,1073
"507","4899","Female","IGCSE (British)",3,4,5,5,5,2,2,1,1,1,2,1,2,1,4,4,4,4,5,1070
"508","4898","Female","IGCSE (British)",3,3,1,5,3,3,1,3,3,1,5,3,1,1,1,1,3,5,5,1067
"509","4879","Female","IGCSE (British)",5,5,3,5,5,3,1,1,2,1,3,4,5,5,2,3,5,5,5,1086
"510","4883","Female","IB",3,4,2,5,4,3,1,1,1,3,3,2,4,2,3,3,4,4,4,1076
"511","4919","Female","IGCSE (British)",3,3,2,4,3,4,2,4,3,3,4,4,5,5,3,3,3,4,4,1088
"512","4879","Male","IGCSE (British)",5,5,5,5,5,1,1,3,3,3,5,5,5,5,5,5,5,5,5,1105
"513","4913","Male","IGCSE (British)",4,5,4,3,4,1,1,2,1,5,3,2,4,3,4,3,5,5,3,1088
"514","4897","Male","IGCSE (British)",5,5,5,3,3,1,1,1,1,1,1,1,1,2,3,3,3,4,5,1077
"515","4911","Female","IGCSE (British)",3,5,3,5,5,1,1,1,1,1,2,1,1,1,3,4,4,5,5,1082
"516","4904","Male","IGCSE (British)",5,5,4,5,4,1,1,1,1,2,3,1,3,1,4,4,5,5,5,1092
"517","4895","Male","IGCSE (British)",4,3,5,5,3,3,1,1,1,4,5,2,1,4,4,5,4,3,2,1094
"518","4910","Female","IGCSE (British)",4,5,3,5,4,1,1,1,1,1,2,1,3,2,3,2,3,3,3,1084
"519","4901","Female","IGCSE (British)",4,3,2,4,4,2,2,2,1,2,4,2,2,2,3,3,4,4,3,1091
"520","4884","Female","IGCSE (British)",5,5,5,5,5,5,3,5,5,3,5,3,3,5,3,3,3,3,3,1117
"521","4898","Female","IGCSE (British)",3,4,2,5,5,2,2,3,3,3,4,4,5,5,5,5,5,5,5,1117
"522","4917","Male","IGCSE (British)",5,5,4,5,4,1,3,1,1,1,1,2,4,4,3,3,5,5,5,1106
"523","4924","Male","IGCSE (British)",4,5,2,5,2,1,1,1,2,2,4,2,5,3,3,2,3,3,3,1099
"524","4908","Female","IGCSE (British)",4,4,5,5,4,2,1,1,1,1,3,1,1,1,4,5,5,4,4,1104
"525","4900","Male","IGCSE (British)",4,3,4,5,4,4,3,2,3,4,5,3,5,3,4,3,4,5,5,1123
"526","4922","Female","IGCSE (British)",5,5,3,5,5,3,3,5,3,1,5,4,5,3,4,4,5,5,4,1129
"527","4906","Female","IGCSE (British)",5,5,4,5,5,5,4,4,4,5,5,5,5,5,4,5,5,5,5,1144
"528","4899","Female","IGCSE (British)",3,5,3,3,5,3,1,1,1,3,3,1,3,3,3,3,3,5,5,1113
"529","4885","Female","IGCSE (British)",4,5,5,5,4,3,3,4,4,5,5,1,4,3,4,5,5,5,5,1137
"530","4914","Female","IGCSE (British)",3,5,5,5,5,2,3,3,4,4,5,1,4,5,3,2,4,5,4,1132
"531","4921","Female","IGCSE (British)",4,5,5,4,3,5,4,2,3,3,4,1,5,4,4,3,3,4,5,1133
"532","4903","Female","IGCSE (British)",4,5,3,4,5,2,2,2,1,2,3,2,3,2,4,3,4,5,4,1124
"533","4902","Female","IGCSE (British)",5,3,1,5,5,3,1,1,3,3,5,1,5,5,5,5,3,3,5,1133
"534","4909","Female","IGCSE (British)",5,4,3,3,4,3,2,3,2,2,4,1,4,3,4,2,5,5,4,1131
"535","4912","Female","IGCSE (British)",4,5,3,5,5,3,4,3,3,3,4,1,4,4,3,5,5,5,5,1144
"536","4926","Female","IGCSE (British)",4,4,3,3,3,3,3,2,2,2,5,2,3,2,2,2,3,3,4,1127
"537","4886","Female","IGCSE (British)",3,5,5,5,5,2,3,2,1,1,3,1,2,2,5,5,5,5,3,1137
"538","4907","Male","IGCSE (British)",3,3,2,4,3,1,1,1,1,3,5,5,5,5,4,3,5,4,5,1139
"539","4888","Female","IGCSE (British)",1,3,5,5,5,3,5,1,5,5,5,1,5,5,5,5,5,5,5,1157
"540","4896","Female","IGCSE (British)",5,5,3,5,4,3,3,1,1,3,5,5,3,2,2,2,3,4,3,1142
"541","4927","Female","IGCSE (British)",3,3,2,5,5,1,1,2,3,2,4,1,3,3,2,3,2,3,2,1132
"542","4878","Female","IGCSE (British)",5,5,5,5,5,2,2,2,1,1,4,3,4,3,5,4,5,4,5,1154
"543","4923","Male","IGCSE (British)",5,5,5,5,3,5,5,5,5,5,4,5,5,5,5,3,5,5,5,1176
"544","4880","Male","IGCSE (British)",3,5,3,4,3,3,1,1,1,1,1,1,1,1,5,5,5,5,5,1142
"545","4920","Female","IGCSE (British)",3,5,5,5,5,3,4,4,3,5,5,5,5,5,5,5,5,5,5,1177
"546","4887","Male","IGCSE (British)",3,4,4,3,2,3,3,4,4,4,3,3,4,3,5,4,3,3,4,1158
